Title,Location,Area,Status,Price,Year,Bathroom,District
4 BHK Independent Floor,"Neeti Bagh, Delhi",2925,Ready to move,8.5,,,South/West/Central Delhi
1 BHK Apartment,"Khera Khurd, Delhi",450,Ready to move,9.5,,,South/West/Central Delhi
3 BHK Independent Floor,"Paschim Vihar, Delhi",1620,Ready to move,2.35,,,South/West/Central Delhi
3 BHK Independent Floor,"Paschim Vihar, Delhi",1620,Ready to move,2.4,,,South/West/Central Delhi
4 BHK Independent Floor,"Paschim Vihar, Delhi",2250,Ready to move,2.35,,,South/West/Central Delhi
4 BHK Independent Floor,"Paschim Vihar, Delhi",2250,Ready to move,2.9,,,South/West/Central Delhi
3 BHK Independent Floor,"Paschim Vihar, Delhi",1800,Ready to move,2.25,,,South/West/Central Delhi
4 BHK Independent Floor,"Paschim Vihar, Delhi",2250,Ready to move,2.7,,,South/West/Central Delhi
3 BHK Apartment,"Sector 19 Dwarka, Delhi",1800,Ready to move,1.95,,,South/West/Central Delhi
3 BHK Apartment,"Sector 19 Dwarka, Delhi",1800,Ready to move,1.65,,,South/West/Central Delhi
2 BHK Apartment,"Paschim Vihar, Delhi",900,Ready to move,1.35,,,South/West/Central Delhi
2 BHK Apartment,"Paschim Vihar, Delhi",900,Ready to move,1.25,,,South/West/Central Delhi
2 BHK Apartment,"Paschim Vihar, Delhi",900,Ready to move,1.2,,,South/West/Central Delhi
2 BHK Apartment,"Paschim Vihar, Delhi",900,Ready to move,1.15,,,South/West/Central Delhi
4 BHK Villa,"Geetanjali Enclave, Delhi",6251,Ready to move,45.95,,,South-West Delhi
3 BHK Apartment,"i p extension patparganj, Delhi",1200,Ready to move,1.6,,,South/West/Central Delhi
2 BHK Apartment,"Sector 18B Dwarka, Delhi",950,Ready to move,1.08,,,South/West/Central Delhi
3 BHK Apartment,"Sector 12 Dwarka, Delhi",1300,Ready to move,1.07,,,South/West/Central Delhi
2 BHK Apartment,"Sector 19 Dwarka, Delhi",1100,Ready to move,1.25,,,South/West/Central Delhi
5 BHK Independent Floor,"Greater Kailash II, Delhi",6952,Ready to move,20.1,,,South-West Delhi
4 BHK Independent Floor,,2010,Ready to move,1.99,,,South/West/Central Delhi
3 BHK Independent Floor,,950,Ready to move,1.5,,,South/West/Central Delhi
1 BHK Independent Floor,,500,Ready to move,40,,,South-West Delhi
4 BHK Independent Floor,,2025,Ready to move,3.25,,,South/West/Central Delhi
3 BHK Independent Floor,,1180,Ready to move,1.35,,,South/West/Central Delhi
3 BHK Apartment,,1500,Ready to move,2,,,South/West/Central Delhi
3 BHK Apartment,,1450,Ready to move,2.5,,,South/West/Central Delhi
2 BHK Apartment,,1100,Ready to move,1.39,,,South/West/Central Delhi
2 BHK Apartment,,1100,Ready to move,1.15,,,South/West/Central Delhi
3 BHK Apartment,,1800,Ready to move,1.72,,,South/West/Central Delhi
2 BHK Apartment,,1100,Ready to move,1.25,,,South/West/Central Delhi
4 BHK Apartment,,2200,Ready to move,2.3,,,South/West/Central Delhi
4 BHK Apartment,,2100,Ready to move,1.86,,,South/West/Central Delhi
3 BHK Apartment,,1700,Ready to move,1.53,,,South/West/Central Delhi
3 BHK Independent Floor,,2100,Ready to move,1.42,,,South/West/Central Delhi
3 BHK Apartment,,1900,Ready to move,1.62,,,South/West/Central Delhi
3 BHK Apartment,,2000,Ready to move,2.35,,,South/West/Central Delhi
4 BHK Apartment,,2400,Ready to move,2.56,,,South/West/Central Delhi
1 BHK Apartment ,,650,Ready to move,55,,,South-West Delhi
2 BHK Apartment,,1100,Ready to move,1.05,,,South/West/Central Delhi
,"Chhawla, Delhi",1540,Under Construction,53,Possession by Apr 2023,3 Bathrooms,South-West Delhi
,"Chhawla, Delhi",1235,Under Construction,42,Possession by May 2023,2 Bathrooms,South-West Delhi
,"Chhawla, Delhi",935,Under Construction,32,Possession by Mar 2023,2 Bathrooms,South-West Delhi
,"Chhawla, Delhi",575,Under Construction,20,Possession by Jun 2023,1 Bathrooms,South-West Delhi
,"Zone L Dwarka, Delhi",2275,Under Construction,93.04,Possession by Mar 2023,New,South-West Delhi
,"Zone L Dwarka, Delhi",1575,Under Construction,64.41,Possession by Mar 2023,3 Bathrooms,South-West Delhi
,"Zone L Dwarka, Delhi",1275,Under Construction,52.14,Possession by Mar 2023,2 Bathrooms,South-West Delhi
,"Zone L Dwarka, Delhi",1975,Under Construction,80.77,Possession by Mar 2023,New,South-West Delhi
,"Zone L Dwarka, Delhi",1875,Under Construction,76.68,Possession by Mar 2023,New,South-West Delhi
,"Zone L Dwarka, Delhi",2575,Under Construction,1.05,Possession by Mar 2023,New,South/West/Central Delhi
,"Zone L Dwarka, Delhi",875,Under Construction,35.78,Possession by Mar 2023,2 Bathrooms,South-West Delhi
,"Zone L Dwarka, Delhi",1075,Under Construction,43.96,Possession by Mar 2023,New,South-West Delhi
,"Chhawla, Delhi",925,Under Construction,34.68,Possession by Nov 2021,2 Bathrooms,South-West Delhi
,"Chhawla, Delhi",765,Under Construction,28.68,Possession by Nov 2021,1 Bathrooms,South-West Delhi
,"Chhawla, Delhi",525,Under Construction,19.68,Possession by Nov 2021,1 Bathrooms,South-West Delhi
,"Neeti Bagh, Delhi",4200,Ready to move,18,2 - 3 years old,4 Bathrooms,South/West/Central Delhi
,"Neeti Bagh, Delhi",4100,Ready to move,18,2 - 3 years old,4 Bathrooms,South/West/Central Delhi
,"Neeti Bagh, Delhi",4101,Ready to move,18,2 - 3 years old,4 Bathrooms,South/West/Central Delhi
,"Neeti Bagh, Delhi",4102,Ready to move,18,2 - 3 years old,4 Bathrooms,South/West/Central Delhi
,"Neeti Bagh, Delhi",7000,Ready to move,18,2 - 3 years old,4 Bathrooms,South/West/Central Delhi
2 BHK Independent Floor,,580,Ready to move,20,,,South-West Delhi
3 BHK Independent Floor,,990,Ready to move,63,,,South-West Delhi
2 BHK Independent Floor,,459,Under Construction,15,,,South/West/Central Delhi
3 BHK Independent Floor,,1780,Ready to move,2.6,,,South/West/Central Delhi
3 BHK Independent House,,2000,Ready to move,1,,,South/West/Central Delhi
3 BHK Independent Floor,,1337,Ready to move,2.6,,,South/West/Central Delhi
2 BHK Independent Floor,,810,Ready to move,46,,,South-West Delhi
1 BHK Apartment,,450,Ready to move,20.99,,,South-West Delhi
1 BHK Independent House,,278,Ready to move,50,,,South-West Delhi
3 BHK Independent Floor,,1000,Under Construction,42,,,South-West Delhi
4 BHK Independent Floor,,3000,Ready to move,3.6,,,South/West/Central Delhi
4 BHK Independent Floor,,2000,Ready to move,2.75,,,South/West/Central Delhi
Residential Plot,,1000,Resale,45,,,South-West Delhi
3 BHK Independent Floor,,1300,Under Construction,75,,,South-West Delhi
2 BHK Independent Floor,,720,Ready to move,90,,,South-West Delhi
2 BHK Independent Floor,,828,Ready to move,85,,,South-West Delhi
2 BHK Independent Floor,,750,Ready to move,79.99,,,South-West Delhi
3 BHK Apartment,,1500,Ready to move,1.7,,,South/West/Central Delhi
2 BHK Independent Floor,,675,Ready to move,55,,,South-West Delhi
2 BHK Independent Floor,,700,Ready to move,52.5,,,South-West Delhi
2 BHK Independent Floor,,800,Ready to move,36.5,,,South-West Delhi
2 BHK Independent Floor,,800,Under Construction,38,,,South-West Delhi
3 BHK Apartment,,1100,Ready to move,70,,,South-West Delhi
Residential Plot,,900,Resale,2.5,,,South/West/Central Delhi
Residential Plot,,450,Resale,8.99,,,South/West/Central Delhi
Residential Plot,,900,Resale,20,,,South-West Delhi
3 BHK Independent Floor,,1250,Ready to move,1.55,,,South/West/Central Delhi
3 BHK Independent Floor,,1250,Ready to move,1.65,,,South/West/Central Delhi
1 BHK Independent Floor,,345,Ready to move,33,,,South-West Delhi
4 BHK Independent Floor,,2800,Ready to move,5,,,South/West/Central Delhi
3 BHK Independent Floor,,1500,Ready to move,2.45,,,South/West/Central Delhi
4 BHK Independent Floor,,2495,Ready to move,4.25,,,South/West/Central Delhi
3 BHK Independent Floor,,1100,Under Construction,75,,,South-West Delhi
1 BHK Apartment,,500,Ready to move,42,,,South-West Delhi
2 BHK Independent Floor,,800,Under Construction,32,,,South-West Delhi
2 BHK Independent Floor,,800,Ready to move,37,,,South-West Delhi
2 BHK Apartment,,630,Under Construction,28,,,South-West Delhi
2 BHK Independent Floor,,700,Ready to move,52.5,,,South-West Delhi
2 BHK Independent Floor,,700,Under Construction,35,,,South-West Delhi
2 BHK Apartment,,986,Ready to move,2,,,South/West/Central Delhi
4 BHK Independent Floor,,2700,Ready to move,3.5,,4 Bathrooms,South/West/Central Delhi
1 BHK Independent Floor,,320,Ready to move,30,,4 - 5 years old,South-West Delhi
2 BHK Apartment,,500,Ready to move,29.99,,2 Bathrooms,South-West Delhi
3 BHK Independent House,,631,Ready to move,35.75,,3 - 4 years old,South-West Delhi
2 BHK Independent Floor,,850,Ready to move,45.99,,2 Bathrooms,South-West Delhi
2 BHK Independent Floor,,900,Ready to move,74.99,,6 years old,South-West Delhi
5 BHK Independent Floor,,1980,Ready to move,1.25,,3 Bathrooms,South/West/Central Delhi
3 BHK Independent Floor,,1350,Ready to move,1,,1 - 2 years old,South/West/Central Delhi
2 BHK Apartment,,700,Ready to move,7,,2 - 3 years old,South/West/Central Delhi
1 BHK Independent Floor,,360,Ready to move,16.9,,5 - 6 years old,South/West/Central Delhi
3 BHK Independent Floor,,1000,Ready to move,1.1,,2 Bathrooms,South/West/Central Delhi
2 BHK Independent Floor,,800,Ready to move,39,,2 Bathrooms,South-West Delhi
2 BHK Apartment,,675,Ready to move,23,,2 Bathrooms,South-West Delhi
3 BHK Apartment,,1200,Ready to move,1.8,,2 Bathrooms,South/West/Central Delhi
3 BHK Apartment,,1150,Ready to move,1.8,,2 Bathrooms,South/West/Central Delhi
1 BHK Independent Floor,,490,Ready to move,32,,5 - 6 years old,South-West Delhi
2 BHK Independent Floor,,585,Ready to move,32,,5 - 6 years old,South-West Delhi
2 BHK Independent Floor,,650,Ready to move,34.5,,2 Bathrooms,South-West Delhi
3 BHK Independent Floor,,1000,Ready to move,48,,3 Bathrooms,South-West Delhi
2 BHK Independent Floor,,900,Ready to move,36.45,,2 Bathrooms,South-West Delhi
2 BHK Independent Floor,,800,Under Construction,38.5,,1 Bathrooms,South-West Delhi
2 BHK Apartment,,500,Ready to move,33,,2 - 3 years old,South-West Delhi
4 BHK Apartment,,1350,Under Construction,1.05,,3 Bathrooms,South/West/Central Delhi
Residential Plot,,900,Resale,18,,2 open sides,South/West/Central Delhi
3 BHK Independent House,,900,Ready to move,40,,2 Bathrooms,South-West Delhi
2 BHK Apartment,,930,Ready to move,1.25,,21 - 22 years old,South/West/Central Delhi
3 BHK Apartment,,1500,Ready to move,1.95,,3 Bathrooms,South/West/Central Delhi
2 BHK Independent Floor,,950,Ready to move,74,,2 Bathrooms,South-West Delhi
2 BHK Independent House,,675,Ready to move,46,,2 Bathrooms,South-West Delhi
2 BHK Independent Floor,,675,Ready to move,36,,2 Bathrooms,South-West Delhi
1 BHK Apartment,,500,Ready to move,13,,1 Bathrooms,South/West/Central Delhi
3 BHK Apartment,,1100,Ready to move,50,,2 Bathrooms,South-West Delhi
3 BHK Apartment,,1140,Ready to move,55,,2 Bathrooms,South-West Delhi
1 BHK Independent Floor,,451,Ready to move,55,,1 Bathrooms,South-West Delhi
1 BHK Independent Floor,,450,Ready to move,55,,1 Bathrooms,South-West Delhi
2 BHK Independent Floor,,1000,Ready to move,50,,2 Bathrooms,South-West Delhi
2 BHK Apartment,,1000,Ready to move,45,,2 Bathrooms,South-West Delhi
2 BHK Independent Floor,,800,Ready to move,39,,2 Bathrooms,South-West Delhi
4 BHK Independent Floor,,1800,Ready to move,2.5,,4 Bathrooms,South/West/Central Delhi
2 BHK Apartment,,1200,Ready to move,65,,2 Bathrooms,South-West Delhi
3 BHK Apartment,"Ghitorni, Delhi",1200,Ready to move,1.15,,2 - 3 years old,South/West/Central Delhi
4 BHK Independent Floor,"Malviya Nagar, Delhi",1800,Ready to move,2.5,,4 Bathrooms,South/West/Central Delhi
2 BHK Apartment,"Dilshad Garden, Delhi",1200,Ready to move,65,,2 Bathrooms,South-West Delhi
3 BHK Independent Floor,"Patel Nagar, Delhi",1400,Ready to move,1.25,,3 Bathrooms,South/West/Central Delhi
2 BHK Apartment,"Alaknanda, Delhi",1100,Ready to move,1.5,,2 Bathrooms,South/West/Central Delhi
2 BHK Independent Floor,"Dwarka Mor, Delhi",620,Ready to move,29.5,,5 - 6 years old,South-West Delhi
3 BHK Independent Floor,"Uttam Nagar, Delhi",1000,Ready to move,43,,2 Bathrooms,South-West Delhi
1 RK Studio Apartment,"Karampura, Delhi",350,Ready to move,26,,1 Bathrooms,South-West Delhi
3 BHK Apartment,"Pitampura, Delhi",1500,Ready to move,3.1,,Resale,South/West/Central Delhi
2 BHK Independent Floor,"Sudarshan Park, Delhi",500,Ready to move,38,,5 - 6 years old,South-West Delhi
3 BHK Independent Floor,"Dashrath Puri, Delhi",1000,Ready to move,55,,6 years old,South-West Delhi
5 BHK Independent Floor,"Shahdara, Delhi",2750,Ready to move,1.5,,4 Bathrooms,South/West/Central Delhi
2 BHK Apartment,"Sector 10 Dwarka, Delhi",700,Ready to move,33.5,,2 Bathrooms,South-West Delhi
3 BHK Independent Floor,"Chittaranjan Park, Delhi",1050,Ready to move,1.4,,6 years old,South/West/Central Delhi
3 BHK Independent Floor,"Dwarka Mor, Delhi",900,Under Construction,48,,2 Bathrooms,South-West Delhi
3 BHK Independent Floor,"Chittaranjan Park, Delhi",1125,Ready to move,2,,6 years old,South/West/Central Delhi
2 BHK Independent Floor,"Mahavir Enclave, Delhi",800,Ready to move,39,,2 Bathrooms,South-West Delhi
3 BHK Independent Floor,"Chattarpur, Delhi",1125,Under Construction,70,,3 Bathrooms,South-West Delhi
3 BHK Independent Floor,"Janakpuri, Delhi",1350,Ready to move,1.7,,2 Bathrooms,South/West/Central Delhi
2 BHK Independent Floor,"Mahavir Enclave, Delhi",540,Ready to move,36,,2 Bathrooms,South-West Delhi
3 BHK Independent Floor,,1250,Ready to move,1.6,,,South/West/Central Delhi
Residential Plot,,455,Resale,15,,,South/West/Central Delhi
3 BHK Independent Floor,,900,Ready to move,59.99,,,South-West Delhi
1 BHK Apartment,,450,Ready to move,18,,,South/West/Central Delhi
1 BHK Independent Floor,,450,Ready to move,17,,,South/West/Central Delhi
2 BHK Apartment,,650,Ready to move,30,,,South-West Delhi
3 BHK Apartment,,2600,Ready to move,3.9,,,South/West/Central Delhi
2 BHK Independent Floor,,675,Ready to move,35,,,South-West Delhi
3 BHK Apartment,,1000,Ready to move,59,,,South-West Delhi
3 BHK Independent Floor,,1425,Ready to move,78.74,,,South-West Delhi
2 BHK Independent Floor,,540,Ready to move,22,,,South-West Delhi
3 BHK Independent Floor,,2018,Ready to move,8,,,South/West/Central Delhi
3 BHK Independent Floor,,2018,Ready to move,7.5,,,South/West/Central Delhi
2 BHK Independent Floor,,900,Ready to move,34,,,South-West Delhi
2 BHK Apartment,,450,Ready to move,30,,,South-West Delhi
2 BHK Independent Floor,,675,Ready to move,30,,,South-West Delhi
2 BHK Independent Floor,,680,Ready to move,47,,,South-West Delhi
2 BHK Independent Floor,,800,Ready to move,39,,,South-West Delhi
3 BHK Independent Floor,,1900,Ready to move,2.34,,,South/West/Central Delhi
3 BHK Apartment,,1400,Ready to move,1.5,,,South/West/Central Delhi
2 BHK Independent Floor,"Sector 19 Dwarka, Delhi",,Ready to move,65,,,South-West Delhi
2 BHK Apartment,"Shahabad Mohammadpur, Delhi",,Ready to move,36.5,,,South-West Delhi
3 BHK Independent Floor,"Gujranwala Town, Delhi",,Ready to move,2.7,,,South/West/Central Delhi
3 BHK Independent Floor,"Dilshad Garden, Delhi",,Ready to move,70,,,South-West Delhi
3 BHK Independent Floor,"Janakpuri, Delhi",,Ready to move,2.95,,,South/West/Central Delhi
3 BHK Apartment,"Patparganj, Delhi",,Ready to move,2,,,South/West/Central Delhi
3 BHK Independent Floor,"vikaspuri, Delhi",,Ready to move,1.5,,,South/West/Central Delhi
Residential Plot,"Najafgarh, Delhi",,Resale,1.2,,,South/West/Central Delhi
4 BHK Independent Floor,"Babarpur, Delhi",,Ready to move,1.34,,,South/West/Central Delhi
4 BHK Independent Floor,"Ashok Vihar, Delhi",,Under Construction,5.6,,,South/West/Central Delhi
2 BHK Independent Floor,"Shahdara, Delhi",,Ready to move,49,,,South-West Delhi
3 BHK Independent Floor,"West End, Delhi",,Ready to move,6.25,,,South/West/Central Delhi
3 BHK Independent Floor,"Anand Niketan, Delhi",,Ready to move,6,,,South/West/Central Delhi
3 BHK Apartment,"Sector 8 Dwarka, Delhi",,Ready to move,50,,,South-West Delhi
2 BHK Apartment,"Sector 8 Dwarka, Delhi",,Ready to move,50,,,South-West Delhi
3 BHK Independent House,"Karawal Nagar, Delhi",,Ready to move,55,,,South-West Delhi
1 BHK Apartment,"Jamia Nagar, Delhi",,Ready to move,18.5,,,South-West Delhi
3 BHK Apartment,"Sarita Vihar, Delhi",,Ready to move,2.6,,,South/West/Central Delhi
9 BHK Independent House,"Uttam Nagar, Delhi",,Ready to move,1.49,,,South/West/Central Delhi
9 BHK Independent House,"Uttam Nagar, Delhi",,Ready to move,1.49,,,South/West/Central Delhi
3 BHK Apartment,"Sukhdev Vihar, Delhi",2100,Ready to move,3,,Resale,South/West/Central Delhi
7 BHK Independent House,"Sangam Vihar, Delhi",2500,Ready to move,55,,Resale,South-West Delhi
7 BHK Independent House,"Sangam Vihar, Delhi",2501,Ready to move,55,,Resale,South-West Delhi
7 BHK Independent House,"Sangam Vihar, Delhi",2500,Ready to move,55,,Resale,South-West Delhi
3 BHK Apartment,"Jasola, Delhi",1800,Ready to move,2.3,,Resale,South/West/Central Delhi
3 BHK Independent Floor,"vikaspuri, Delhi",1250,Ready to move,1.45,,3 Bathrooms,South/West/Central Delhi
2 BHK Independent Floor,"vikaspuri, Delhi",1000,Ready to move,83.5,,2 Bathrooms,South-West Delhi
2 BHK Independent Floor,"Mahavir Enclave, Delhi",545,Ready to move,23,,Resale,South-West Delhi
3 BHK Independent Floor,"vikaspuri, Delhi",1250,Ready to move,1.4,,3 Bathrooms,South/West/Central Delhi
3 BHK Independent Floor,"vikaspuri, Delhi",1250,Ready to move,1.41,,3 Bathrooms,South/West/Central Delhi
3 BHK Independent Floor,"vikaspuri, Delhi",1250,Ready to move,1.42,,3 Bathrooms,South/West/Central Delhi
3 BHK Independent Floor,"vikaspuri, Delhi",1250,Ready to move,1.43,,3 Bathrooms,South/West/Central Delhi
3 BHK Independent Floor,"vikaspuri, Delhi",1250,Ready to move,1.44,,3 Bathrooms,South/West/Central Delhi
3 BHK Independent Floor,"vikaspuri, Delhi",1250,Ready to move,1.45,,3 Bathrooms,South/West/Central Delhi
3 BHK Independent Floor,"vikaspuri, Delhi",1250,Ready to move,1.3,,3 Bathrooms,South/West/Central Delhi
3 BHK Independent Floor,"vikaspuri, Delhi",1250,Ready to move,1.34,,3 Bathrooms,South/West/Central Delhi
3 BHK Independent Floor,"vikaspuri, Delhi",1250,Ready to move,1.45,,3 Bathrooms,South/West/Central Delhi
3 BHK Independent Floor,"vikaspuri, Delhi",1250,Ready to move,1.46,,3 Bathrooms,South/West/Central Delhi
3 BHK Independent Floor,"vikaspuri, Delhi",1249,Ready to move,1.4,,3 Bathrooms,South/West/Central Delhi
3 BHK Independent Floor,"vikaspuri, Delhi",1248,Ready to move,1.4,,3 Bathrooms,South/West/Central Delhi
1 BHK Independent Floor,,445,Ready to move,36,,Resale,South-West Delhi
2 BHK Apartment,,1000,Ready to move,98,,2 Bathrooms,South-West Delhi
1 BHK Independent Floor,,500,Ready to move,25,,1 Bathrooms,South-West Delhi
3 BHK Independent Floor,,1800,Ready to move,2.5,,Resale,South/West/Central Delhi
2 BHK Apartment,,1150,Ready to move,84.99,,2 Bathrooms,South-West Delhi
2 BHK Independent Floor,,545,Ready to move,23,,Resale,South-West Delhi
10 BHK Independent House,,4500,Ready to move,9,,Resale,South/West/Central Delhi
2 BHK Independent Floor,,450,Ready to move,22,,1 Bathrooms,South-West Delhi
3 BHK Independent Floor,,2700,Ready to move,7.5,,Resale,South/West/Central Delhi
3 BHK Independent Floor,,1000,Under Construction,48,,Resale,South-West Delhi
2 BHK Independent Floor,,757,Ready to move,35,,2 Bathrooms,South-West Delhi
3 BHK Independent Floor,,1000,Ready to move,40,,2 Bathrooms,South-West Delhi
4 BHK Apartment,,3265,Ready to move,10,,4 Bathrooms,South/West/Central Delhi
3 BHK Independent Floor,,720,Ready to move,44,,2 Bathrooms,South-West Delhi
3 BHK Independent Floor,,810,Ready to move,60,,2 Bathrooms,South-West Delhi
3 BHK Apartment,,1275,Ready to move,1.3,,Resale,South/West/Central Delhi
3 BHK Independent Floor,,1100,Ready to move,65,,Resale,South-West Delhi
3 BHK Independent Floor,,1101,Ready to move,65,,Resale,South-West Delhi
3 BHK Independent Floor,,1102,Ready to move,65,,Resale,South-West Delhi
3 BHK Independent Floor,,1250,Ready to move,1.25,,2 Bathrooms,South/West/Central Delhi
2 BHK Independent Floor,"Mahavir Enclave, Delhi",801,Ready to move,36.5,,,South-West Delhi
2 BHK Independent Floor,"Mahavir Enclave, Delhi",800,Under Construction,38,,,South-West Delhi
3 BHK Apartment,"Jamia Nagar, Delhi",1100,Ready to move,70,,,South-West Delhi
Residential Plot,"Karol Bagh, Delhi",900,Resale,2.5,,,South/West/Central Delhi
Residential Plot,"Najafgarh, Delhi",450,Resale,15.5,,,South/West/Central Delhi
Residential Plot,"Najafgarh, Delhi",900,Resale,20,,,South-West Delhi
3 BHK Independent Floor,"vikaspuri, Delhi",1250,Ready to move,1.55,,,South/West/Central Delhi
3 BHK Independent Floor,"vikaspuri, Delhi",1250,Ready to move,1.65,,,South/West/Central Delhi
1 BHK Independent Floor,"Sector-7 Rohini, Delhi",345,Ready to move,33,,,South-West Delhi
4 BHK Independent Floor,"vikaspuri, Delhi",2800,Ready to move,5,,,South/West/Central Delhi
3 BHK Independent Floor,"vikaspuri, Delhi",1500,Ready to move,2.45,,,South/West/Central Delhi
4 BHK Independent Floor,"Punjabi Bagh, Delhi",2495,Ready to move,4.25,,,South/West/Central Delhi
3 BHK Independent Floor,"Sector 1 Dwarka, Delhi",1100,Under Construction,75,,,South-West Delhi
1 BHK Apartment,"Sector 14 Dwarka, Delhi",500,Ready to move,42,,,South-West Delhi
2 BHK Independent Floor,"Najafgarh, Delhi",800,Under Construction,32,,,South-West Delhi
2 BHK Independent Floor,"Mahavir Enclave, Delhi",800,Ready to move,37,,,South-West Delhi
2 BHK Independent Floor,"Chattarpur, Delhi",700,Under Construction,35,,,South-West Delhi
1 BHK Independent Floor,"Sector 6 Rohini, Delhi",320,Ready to move,30,,,South-West Delhi
2 BHK Apartment,"Uttam Nagar, Delhi",500,Ready to move,29.99,,,South-West Delhi
3 BHK Independent House,"Saboli, Delhi",631,Ready to move,35.75,,,South-West Delhi
2 BHK Independent Floor,,850,Ready to move,45.99,,,South-West Delhi
5 BHK Independent Floor,,1980,Ready to move,1.25,,,South/West/Central Delhi
3 BHK Independent Floor,,1350,Ready to move,1,,,South/West/Central Delhi
2 BHK Apartment,,700,Ready to move,7,,,South/West/Central Delhi
2 BHK Independent Floor,,900,Ready to move,74.99,,,South-West Delhi
1 BHK Independent Floor,,360,Ready to move,16.9,,,South/West/Central Delhi
3 BHK Independent Floor,,1000,Ready to move,1.1,,,South/West/Central Delhi
2 BHK Independent Floor,,800,Ready to move,39,,,South-West Delhi
2 BHK Apartment,,675,Ready to move,23,,,South-West Delhi
3 BHK Apartment,,1200,Ready to move,1.8,,,South/West/Central Delhi
3 BHK Apartment,,1150,Ready to move,1.8,,,South/West/Central Delhi
1 BHK Independent Floor,,490,Ready to move,32,,,South-West Delhi
2 BHK Independent Floor,,585,Ready to move,32,,,South-West Delhi
2 BHK Independent Floor,,650,Ready to move,34.5,,,South-West Delhi
3 BHK Independent Floor,,1000,Ready to move,48,,,South-West Delhi
3 BHK Apartment,,1650,Ready to move,1.9,,,South/West/Central Delhi
2 BHK Independent Floor,,900,Ready to move,36.45,,,South-West Delhi
2 BHK Apartment,,500,Ready to move,33,,,South-West Delhi
2 BHK Independent Floor,,800,Under Construction,38.5,,,South-West Delhi
Residential Plot,,900,Resale,18,,,South/West/Central Delhi
2 BHK Apartment,,585,Ready to move,26,,,South-West Delhi
4 BHK Independent Floor,,1400,Ready to move,1.1,,,South/West/Central Delhi
2 BHK Independent Floor,,700,Ready to move,85,,,South-West Delhi
3 BHK Independent Floor,,1250,Ready to move,1.5,,,South/West/Central Delhi
2 BHK Independent House,,540,Ready to move,55,,,South-West Delhi
2 BHK Apartment,,1250,Ready to move,2.25,,,South/West/Central Delhi
6 BHK Independent House,,9000,Ready to move,75,,,South-West Delhi
3 BHK Independent Floor,,1225,Ready to move,1.4,,,South/West/Central Delhi
2 BHK Apartment,,500,Ready to move,22,,,South-West Delhi
3 BHK Apartment,,950,Ready to move,45,,,South-West Delhi
1 BHK Apartment,,450,Ready to move,17,,,South/West/Central Delhi
2 BHK Apartment,,600,Ready to move,25.5,,,South-West Delhi
3 BHK Apartment,,900,Ready to move,40,,,South-West Delhi
2 BHK Apartment,,570,Ready to move,25,,,South-West Delhi
3 BHK Apartment,,770,Ready to move,36,,,South-West Delhi
2 BHK Apartment,,510,Ready to move,21.25,,,South-West Delhi
2 BHK Apartment,,600,Ready to move,24,,,South-West Delhi
2 BHK Independent Floor,,1350,Ready to move,2.25,,,South/West/Central Delhi
2 BHK Independent Floor,,1350,Ready to move,1.8,,,South/West/Central Delhi
3 BHK Independent Floor,,1750,Ready to move,2.2,,,South/West/Central Delhi
3 BHK Independent Floor,,1620,Ready to move,2.8,,3 Bathrooms,South/West/Central Delhi
3 BHK Independent Floor,,1620,Ready to move,3.5,,3 Bathrooms,South/West/Central Delhi
3 BHK Independent Floor,,1728,Ready to move,3.35,,3 Bathrooms,South/West/Central Delhi
3 BHK Independent Floor,,1350,Under Construction,2.5,,3 Bathrooms,South/West/Central Delhi
2 BHK Apartment,,1100,Ready to move,1.55,,2 Bathrooms,South/West/Central Delhi
2 BHK Independent Floor,,700,Ready to move,40,,6 years old,South-West Delhi
4 BHK Independent Floor,,3120,Ready to move,4.5,,6 years old,South/West/Central Delhi
3 BHK Independent Floor,,900,Ready to move,1.5,,2 Bathrooms,South/West/Central Delhi
3 BHK Independent Floor,,1800,Ready to move,2.75,,3 Bathrooms,South/West/Central Delhi
2 BHK Independent Floor,,1800,Ready to move,2.65,,5 - 6 years old,South/West/Central Delhi
2 BHK Apartment,,850,Ready to move,82,,3 years old,South-West Delhi
2 BHK Apartment,,900,Ready to move,90,,3 years old,South-West Delhi
3 BHK Independent Floor,,1250,Ready to move,2.5,,4 - 5 years old,South/West/Central Delhi
2 BHK Independent Floor,,1500,Ready to move,2,,4 - 5 years old,South/West/Central Delhi
4 BHK Independent Floor,,3600,Ready to move,8.25,,5 Bathrooms,South/West/Central Delhi
3 BHK Independent Floor,,1800,Ready to move,3.6,,3 Bathrooms,South/West/Central Delhi
3 BHK Apartment,,2850,Ready to move,1.7,,4 Bathrooms,South/West/Central Delhi
3 BHK Apartment,,1050,Ready to move,59.99,,0 - 1 year old,South-West Delhi
2 BHK Apartment,,660,Ready to move,27.99,,0 - 1 year old,South-West Delhi
3 BHK Apartment,,775,Ready to move,34.99,,0 - 1 year old,South-West Delhi
3 BHK Apartment,,1650,Ready to move,1.8,,,South/West/Central Delhi
3 BHK Apartment,,1700,Ready to move,1.75,,,South/West/Central Delhi
3 BHK Independent Floor,,1450,Ready to move,1.65,,,South/West/Central Delhi
3 BHK Apartment,,1100,Ready to move,1.5,,,South/West/Central Delhi
4 BHK Apartment,,1400,Ready to move,92,,,South-West Delhi
3 BHK Apartment,,900,Ready to move,62,,,South-West Delhi
4 BHK Apartment,,5236,Under Construction,10.3,,,South/West/Central Delhi
4 BHK Apartment,,5236,Under Construction,10.1,,,South/West/Central Delhi
4 BHK Apartment,,5236,Under Construction,9.9,,,South/West/Central Delhi
4 BHK Apartment,,3740,Under Construction,7.9,,,South/West/Central Delhi
4 BHK Apartment,,3740,Under Construction,7.75,,,South/West/Central Delhi
4 BHK Apartment,,3740,Under Construction,7.6,,,South/West/Central Delhi
4 BHK Apartment,,3740,Under Construction,7.45,,,South/West/Central Delhi
1 BHK Apartment,,548,Ready to move,38,,,South-West Delhi
4 BHK Apartment,,1850,Ready to move,2,,,South/West/Central Delhi
4 BHK Apartment,,2650,Ready to move,2.5,,,South/West/Central Delhi
3 BHK Apartment,,1650,Ready to move,1.3,,,South/West/Central Delhi
4 BHK Apartment,,2200,Ready to move,1.9,,,South/West/Central Delhi
3 BHK Independent Floor,,1050,Ready to move,1.1,,,South/West/Central Delhi
3 BHK Independent Floor,,950,Ready to move,80,,,South-West Delhi
2 BHK Apartment,"Dwarka Mor, Delhi",1450,Under Construction,32.5,,2 Bathrooms,South-West Delhi
2 BHK Apartment,"Uttam Nagar, Delhi",1350,Under Construction,20.5,,2 Bathrooms,South-West Delhi
3 BHK Apartment,"Uttam Nagar, Delhi",1350,Under Construction,31.5,,2 Bathrooms,South-West Delhi
1 BHK Independent Floor,"Uttam Nagar, Delhi",650,Ready to move,18.5,,2 - 3 years old,South-West Delhi
3 BHK Apartment,"Uttam Nagar, Delhi",1850,Under Construction,68.5,,2 Bathrooms,South-West Delhi
2 BHK Independent Floor,"Katwaria Sarai, Delhi",900,Ready to move,90,,2 Bathrooms,South-West Delhi
2 BHK Independent Floor,"Ramesh Nagar, Delhi",1350,Ready to move,1.4,,3 Bathrooms,South/West/Central Delhi
1 BHK Independent Floor,"Palam, Delhi",400,Ready to move,19,,1 Bathrooms,South-West Delhi
2 BHK Independent Floor,"Sector 8 Dwarka, Delhi",650,Ready to move,74,,3 years old,South-West Delhi
5 BHK Apartment,"Karol Bagh, Delhi",5236,Under Construction,10.8,,5 Bathrooms,South/West/Central Delhi
4 BHK Apartment,"Karol Bagh, Delhi",5236,Under Construction,10.6,,5 Bathrooms,South/West/Central Delhi
3 BHK Apartment,"Sector 7 Dwarka, Delhi",800,Under Construction,57,,Possession by Dec 2022,South-West Delhi
2 BHK Apartment,"Sector 7 Dwarka, Delhi",600,Under Construction,39.5,,Possession by Dec 2022,South-West Delhi
3 BHK Apartment,"Sector 7 Dwarka, Delhi",720,Under Construction,52,,Possession by Nov 2022,South-West Delhi
2 BHK Apartment,"Sector 7 Dwarka, Delhi",540,Under Construction,36,,Possession by Nov 2022,South-West Delhi
3 BHK Apartment,"Sector 7 Dwarka, Delhi",800,Under Construction,54,,Possession by Nov 2022,South-West Delhi
2 BHK Apartment,"Sector 7 Dwarka, Delhi",600,Under Construction,38,,Possession by Nov 2022,South-West Delhi
2 BHK Independent Floor,"Ramesh Nagar, Delhi",900,Ready to move,75,,2 Bathrooms,South-West Delhi
3 BHK Independent Floor,"Palam, Delhi",1000,Ready to move,50,,2 Bathrooms,South-West Delhi
2 BHK Apartment,"Sector 11 Dwarka, Delhi",1200,Ready to move,1.12,,2 Bathrooms,South/West/Central Delhi
4 BHK Apartment,"Karol Bagh, Delhi",3740,Under Construction,7.25,,New,South/West/Central Delhi
4 BHK Apartment,"Karol Bagh, Delhi",2701,Under Construction,5.65,,New,South/West/Central Delhi
4 BHK Apartment,"Karol Bagh, Delhi",2701,Under Construction,5.4,,New,South/West/Central Delhi
4 BHK Apartment,"Karol Bagh, Delhi",2701,Under Construction,5.15,,New,South/West/Central Delhi
4 BHK Apartment,"Karol Bagh, Delhi",2701,Under Construction,5.5,,New,South/West/Central Delhi
4 BHK Apartment,"Karol Bagh, Delhi",2701,Under Construction,5.3,,New,South/West/Central Delhi
4 BHK Apartment,"Karol Bagh, Delhi",2618,Under Construction,5.3,,New,South/West/Central Delhi
4 BHK Apartment,"Karol Bagh, Delhi",2618,Under Construction,5.15,,New,South/West/Central Delhi
4 BHK Apartment,"Karol Bagh, Delhi",2618,Under Construction,5.05,,New,South/West/Central Delhi
3 BHK Independent Floor,"Sector 8 Dwarka, Delhi",1890,Ready to move,1.66,,3 Bathrooms,South/West/Central Delhi
4 BHK Apartment,"Karol Bagh, Delhi",2618,Under Construction,4.95,,New,South/West/Central Delhi
3 BHK Apartment,"Chattarpur, Delhi",3300,Under Construction,5.78,,4 Bathrooms,South/West/Central Delhi
2 BHK Independent Floor,"Sector 8 Dwarka, Delhi",648,Ready to move,47,,2 Bathrooms,South-West Delhi
3 BHK Apartment,"Dwarka Mor, Delhi",900,Under Construction,62.5,,New,South-West Delhi
3 BHK Apartment,"Patparganj, Delhi",1100,Ready to move,1,,Resale,South/West/Central Delhi
3 BHK Apartment,"Karampura, Delhi",1686,Ready to move,2.79,,2 Bathrooms,South/West/Central Delhi
3 BHK Apartment,"Karampura, Delhi",1700,Ready to move,3.03,,3 Bathrooms,South/West/Central Delhi
3 BHK Apartment,"Karampura, Delhi",1700,Ready to move,3.09,,3 Bathrooms,South/West/Central Delhi
3 BHK Apartment,"Karampura, Delhi",1700,Ready to move,3.12,,3 Bathrooms,South/West/Central Delhi
3 BHK Apartment,"Lajpat Nagar II, Delhi",1575,Ready to move,2.25,,Resale,South/West/Central Delhi
2 BHK Apartment,"Uttam Nagar, Delhi",1350,Ready to move,21,,,South-West Delhi
2 BHK Independent Floor,"Neb Sarai, Delhi",850,Ready to move,27,,,South-West Delhi
3 BHK Apartment,"Vasant Kunj, Delhi",1700,Ready to move,3,,,South/West/Central Delhi
2 BHK Independent Floor,"Shastri Nagar, Delhi",500,Ready to move,42,,,South-West Delhi
4 BHK Independent Floor,"Rohini sector 24, Delhi",3000,Ready to move,3.6,,,South/West/Central Delhi
2 BHK Independent Floor,"Sector 22 Rohini, Delhi",750,Ready to move,54,,,South-West Delhi
4 BHK Independent Floor,"Rohini sector 24, Delhi",1600,Ready to move,2.1,,,South/West/Central Delhi
2 BHK Independent Floor,"Sector 22 Rohini, Delhi",480,Ready to move,25.5,,,South-West Delhi
2 BHK Independent Floor,"Rohini sector 24, Delhi",800,Ready to move,48,,,South-West Delhi
3 BHK Independent Floor,"Rohini sector 24, Delhi",800,Ready to move,68,,,South-West Delhi
2 BHK Independent Floor,"Sector 22 Rohini, Delhi",480,Ready to move,25,,,South-West Delhi
3 BHK Independent Floor,"Sector 25 Rohini, Delhi",900,Ready to move,75,,,South-West Delhi
1 BHK Independent House,"Shahdara, Delhi",432,Ready to move,70,,,South-West Delhi
3 BHK Apartment,"Uttam Nagar, Delhi",1000,Under Construction,47,,,South-West Delhi
4 BHK Apartment,"Sector-18 Dwarka, Delhi",1850,Ready to move,2,,,South/West/Central Delhi
4 BHK Apartment,"Sector 19 Dwarka, Delhi",2650,Ready to move,2.5,,,South/West/Central Delhi
3 BHK Apartment,"Sector 6 Dwarka, Delhi",1650,Ready to move,1.3,,,South/West/Central Delhi
4 BHK Apartment,"Sector 5 Dwarka, Delhi",2200,Ready to move,1.9,,,South/West/Central Delhi
3 BHK Independent Floor,"Janakpuri, Delhi",1000,Ready to move,1.15,,,South/West/Central Delhi
4 BHK Independent Floor,"Anand Vihar, Delhi",2200,Ready to move,4,,,South/West/Central Delhi
3 BHK Independent Floor,,1728,Ready to move,3.9,,3 Bathrooms,South/West/Central Delhi
4 BHK Independent Floor,,2700,Ready to move,6,,4 Bathrooms,South/West/Central Delhi
3 BHK Independent Floor,,1350,Ready to move,2.5,,2 Bathrooms,South/West/Central Delhi
3 BHK Independent Floor,,1350,Ready to move,2.4,,3 Bathrooms,South/West/Central Delhi
3 BHK Independent House,,1350,Ready to move,2.4,,3 Bathrooms,South/West/Central Delhi
3 BHK Independent Floor,,1730,Ready to move,3.8,,3 Bathrooms,South/West/Central Delhi
2 BHK Independent Floor,,600,Ready to move,27,,5 - 6 years old,South-West Delhi
3 BHK Independent Floor,,1750,Ready to move,3.25,,3 Bathrooms,South/West/Central Delhi
3 BHK Apartment,,1580,Ready to move,2.57,,6 - 7 years old,South/West/Central Delhi
3 BHK Independent Floor,,1800,Ready to move,3,,4 - 5 years old,South/West/Central Delhi
3 BHK Independent Floor,,1125,Ready to move,1.45,,3 Bathrooms,South/West/Central Delhi
2 BHK Independent Floor,,900,Ready to move,1.25,,2 Bathrooms,South/West/Central Delhi
3 BHK Apartment,,1350,Ready to move,72,,2 Bathrooms,South-West Delhi
1 BHK Apartment,,450,Ready to move,17,,1 Bathrooms,South/West/Central Delhi
1 BHK Apartment,,450,Ready to move,22.5,,1 Bathrooms,South-West Delhi
1 BHK Apartment,,450,Ready to move,16,,1 Bathrooms,South/West/Central Delhi
2 BHK Apartment,,750,Ready to move,35,,3 Bathrooms,South-West Delhi
2 BHK Apartment,,700,Ready to move,36,,2 Bathrooms,South-West Delhi
1 BHK Apartment,,450,Ready to move,21,,1 Bathrooms,South-West Delhi
3 BHK Apartment,,2000,Ready to move,2.45,,3 Bathrooms,South/West/Central Delhi
3 BHK Independent Floor,,1125,Ready to move,1.5,,,South/West/Central Delhi
2 BHK Independent Floor,,900,Ready to move,1.38,,,South/West/Central Delhi
3 BHK Independent Floor,,2925,Ready to move,19,,,South-West Delhi
2 BHK Apartment,,650,Ready to move,38,,,South-West Delhi
1 BHK Apartment,,450,Ready to move,20,,,South-West Delhi
2 BHK Independent Floor,,675,Ready to move,95,,,South-West Delhi
2 BHK Independent Floor,,585,Ready to move,26,,,South-West Delhi
3 BHK Independent Floor,,1683,Ready to move,3.5,,,South/West/Central Delhi
4 BHK Independent Floor,,1854,Under Construction,3.6,,,South/West/Central Delhi
3 BHK Independent Floor,,902,Ready to move,1.35,,,South/West/Central Delhi
3 BHK Independent Floor,,1198,Ready to move,2.35,,,South/West/Central Delhi
4 BHK Independent Floor,,2500,Ready to move,4,,,South/West/Central Delhi
4 BHK Independent Floor,,2700,Ready to move,5,,,South/West/Central Delhi
3 BHK Independent Floor,,1575,Under Construction,3.1,,,South/West/Central Delhi
3 BHK Independent Floor,,1350,Ready to move,2.25,,,South/West/Central Delhi
3 BHK Independent Floor,,903,Ready to move,1.45,,,South/West/Central Delhi
3 BHK Independent Floor,,1665,Ready to move,3,,,South/West/Central Delhi
3 BHK Independent Floor,,1194,Ready to move,2,,,South/West/Central Delhi
3 BHK Independent Floor,,904,Ready to move,1.55,,,South/West/Central Delhi
4 BHK Independent Floor,,2160,Ready to move,3.4,,,South/West/Central Delhi
3 BHK Independent Floor,"Dwarka Sector 15, Delhi",1050,Ready to move,60,,,South-West Delhi
2 BHK Independent Floor,"Raju Parak Extension, Delhi",520,Ready to move,27,,,South-West Delhi
4 BHK Apartment,"Karol Bagh, Delhi",2618,Under Construction,4.85,,,South/West/Central Delhi
4 BHK Apartment,"Karol Bagh, Delhi",3740,Under Construction,7.15,,,South/West/Central Delhi
5 BHK Apartment,"Karol Bagh, Delhi",5236,Under Construction,9.5,,,South/West/Central Delhi
4 BHK Apartment,"Karol Bagh, Delhi",2701,Under Construction,5.45,,,South/West/Central Delhi
4 BHK Apartment,"Karol Bagh, Delhi",2618,Under Construction,5.25,,,South/West/Central Delhi
4 BHK Apartment,"Karol Bagh, Delhi",2618,Under Construction,5.15,,,South/West/Central Delhi
3 BHK Independent Floor,"Paschim Vihar, Delhi",1687,Ready to move,2.75,,,South/West/Central Delhi
3 BHK Independent Floor,"Paschim Vihar, Delhi",1687,Ready to move,2.5,,,South/West/Central Delhi
3 BHK Independent Floor,"Paschim Vihar, Delhi",1687,Ready to move,2.7,,,South/West/Central Delhi
3 BHK Apartment,"Sarita Vihar, Delhi",1450,Ready to move,1.8,,,South/West/Central Delhi
2 BHK Independent Floor,"Paschim Vihar, Delhi",750,Ready to move,85,,,South-West Delhi
3 BHK Apartment,"Sarita Vihar, Delhi",1400,Ready to move,2,,,South/West/Central Delhi
3 BHK Apartment,"Sarita Vihar, Delhi",1400,Ready to move,1.7,,,South/West/Central Delhi
3 BHK Apartment,"Sarita Vihar, Delhi",1450,Ready to move,1.75,,,South/West/Central Delhi
2 BHK Apartment,"vikaspuri, Delhi",600,Ready to move,55,,,South-West Delhi
4 BHK Independent Floor,"Panchsheel Park, Delhi",4500,Ready to move,6,,,South/West/Central Delhi
4 BHK Independent Floor,"Greater Kailash, Delhi",4500,Ready to move,7.75,,,South/West/Central Delhi
4 BHK Independent Floor,"South Extension 2, Delhi",4500,Ready to move,8,,,South/West/Central Delhi
4 BHK Independent Floor,,3348,Ready to move,11,,,South/West/Central Delhi
3 BHK Independent Floor,,1050,Ready to move,48,,,South-West Delhi
3 BHK Independent Floor,,810,Ready to move,42,,,South-West Delhi
2 BHK Independent Floor,,520,Ready to move,27,,,South-West Delhi
5 BHK Apartment,,5402,Under Construction,10,,,South/West/Central Delhi
3 BHK Independent Floor,,810,Ready to move,45,,,South-West Delhi
3 BHK Independent Floor,,1050,Ready to move,1.1,,,South/West/Central Delhi
3 BHK Independent Floor,,900,Ready to move,84,,,South-West Delhi
4 BHK Independent Floor,,2493,Ready to move,3.75,,,South/West/Central Delhi
3 BHK Independent Floor,,1800,Ready to move,3.25,,,South/West/Central Delhi
3 BHK Independent Floor,,1800,Ready to move,2.9,,,South/West/Central Delhi
4 BHK Independent Floor,,2699,Under Construction,5.5,,,South/West/Central Delhi
3 BHK Independent Floor,,901,Ready to move,1.45,,,South/West/Central Delhi
3 BHK Independent Floor,,1195,Under Construction,2.2,,,South/West/Central Delhi
3 BHK Independent Floor,,1620,Ready to move,2.8,,,South/West/Central Delhi
2 BHK Independent Floor,,650,Ready to move,26,,,South-West Delhi
3 BHK Independent Floor,,1050,Ready to move,47,,,South-West Delhi
3 BHK Independent Floor,,820,Ready to move,42,,,South-West Delhi
4 BHK Independent Floor,,1100,Ready to move,62,,,South-West Delhi
3 BHK Independent Floor,,1050,Ready to move,55,,,South-West Delhi
4 BHK Independent Floor,,2700,Ready to move,4.3,,,South/West/Central Delhi
4 BHK Independent Floor,,2700,Ready to move,4.4,,,South/West/Central Delhi
4 BHK Independent Floor,,2700,Ready to move,4.5,,,South/West/Central Delhi
4 BHK Independent,,2700,Ready to move,6,,,South/West/Central Delhi
3 BHK Independent Floor,,2250,Ready to move,3.5,,,South/West/Central Delhi
4 BHK Independent Floor,,2700,Ready to move,3.4,,,South/West/Central Delhi
4 BHK Independent Floor,,2700,Ready to move,3.3,,,South/West/Central Delhi
4 BHK Independent Floor,,2700,Ready to move,4.5,,,South/West/Central Delhi
4 BHK Independent Floor,,2700,Ready to move,4.3,,,South/West/Central Delhi
3 BHK Independent Floor,,2250,Ready to move,3.5,,,South/West/Central Delhi
3 BHK Independent Floor,,2250,Ready to move,3.3,,,South/West/Central Delhi
4 BHK Independent Floor,,2700,Ready to move,4.6,,,South/West/Central Delhi
4 BHK Independent Floor,,2700,Ready to move,5.75,,,South/West/Central Delhi
3 BHK Independent Floor,,2250,Ready to move,3.5,,,South/West/Central Delhi
3 BHK Independent Floor,,2250,Ready to move,3.4,,,South/West/Central Delhi
3 BHK Independent Floor,,2205,Under Construction,5.25,,,South/West/Central Delhi
3 BHK Independent Floor,,1800,Ready to move,2,,,South/West/Central Delhi
2 BHK Independent House,,765,Ready to move,4,,,South/West/Central Delhi
4 BHK Independent Floor,,2150,Ready to move,4,,,South/West/Central Delhi
3 BHK Independent Floor,,1800,Ready to move,1.75,,,South/West/Central Delhi
2 BHK Apartment,"Dwarka Mor, Delhi",700,Ready to move,28,,,South-West Delhi
1 BHK Apartment,"Uttam Nagar, Delhi",450,Ready to move,16,,,South/West/Central Delhi
2 BHK Apartment,"Dwarka Mor, Delhi",650,Ready to move,25,,,South-West Delhi
2 BHK Apartment,"Uttam Nagar, Delhi",700,Ready to move,28,,,South-West Delhi
2 BHK Apartment,"Uttam Nagar, Delhi",650,Ready to move,25,,,South-West Delhi
3 BHK Apartment,"Dwarka Mor, Delhi",850,Ready to move,32,,,South-West Delhi
3 BHK Apartment,"Uttam Nagar, Delhi",850,Ready to move,32,,,South-West Delhi
2 BHK Apartment,"Dwarka Mor, Delhi",600,Ready to move,22,,,South-West Delhi
2 BHK Apartment,"Uttam Nagar, Delhi",600,Ready to move,22,,,South-West Delhi
3 BHK Apartment,"Sector 22 Dwarka, Delhi",1600,Ready to move,1.5,,,South/West/Central Delhi
3 BHK Apartment,"Sector 19 Dwarka, Delhi",1550,Ready to move,1.6,,,South/West/Central Delhi
3 BHK Apartment,"Sector-18 Dwarka, Delhi",1700,Ready to move,2.05,,,South/West/Central Delhi
3 BHK Apartment,"Sector 6 Dwarka, Delhi",1700,Ready to move,1.78,,,South/West/Central Delhi
2 BHK Apartment,"Shanti Park Dwarka, Delhi",1250,Ready to move,1.1,,,South/West/Central Delhi
2 BHK Independent Floor,"Lajpat Nagar, Delhi",950,Ready to move,1.45,,,South/West/Central Delhi
2 BHK Independent Floor,"Lajpat Nagar II, Delhi",900,Ready to move,1.3,,,South/West/Central Delhi
3 BHK Independent Floor,"Jangpura, Delhi",1800,Ready to move,4.75,,,South/West/Central Delhi
3 BHK Independent Floor,"Jangpura, Delhi",1800,Ready to move,4.5,,,South/West/Central Delhi
3 BHK Independent Floor,"Jangpura, Delhi",1800,Ready to move,4.5,,,South/West/Central Delhi
2 BHK Independent Floor,"Lajpat Nagar, Delhi",900,Ready to move,1.5,,,South/West/Central Delhi
4 BHK Independent Floor,"Rajouri Garden, Delhi",4500,Ready to move,4.75,,,South/West/Central Delhi
4 BHK Independent Floor,"Rajouri Garden, Delhi",4500,Ready to move,3.5,,,South/West/Central Delhi
4 BHK Independent Floor,"Punjabi Bagh, Delhi",4650,Ready to move,8.4,,,South/West/Central Delhi
2 BHK Independent Floor,"Tagore Garden Extension, Delhi",800,Ready to move,70,,,South-West Delhi
3 BHK Independent Floor,"Tagore Garden Extension, Delhi",1750,Ready to move,2.2,,,South/West/Central Delhi
3 BHK Independent Floor,"Rohini sector 16, Delhi",1100,Ready to move,1.5,,,South/West/Central Delhi
4 BHK Apartment,"Sector 11 Dwarka, Delhi",2400,Ready to move,2.3,,,South/West/Central Delhi
3 BHK Apartment,"Sector 3 Dwarka, Delhi",1800,Ready to move,1.7,,,South/West/Central Delhi
3 BHK Apartment,"Sector 9 Dwarka, Delhi",1700,Ready to move,1.55,,,South/West/Central Delhi
3 BHK Apartment,"Sector 22 Dwarka, Delhi",1800,Ready to move,1.7,,,South/West/Central Delhi
4 BHK Apartment,"Sector 22 Dwarka, Delhi",2400,Ready to move,2.25,,,South/West/Central Delhi
2 BHK Apartment,"Sector 13 Dwarka, Delhi",1200,Ready to move,1.05,,,South/West/Central Delhi
3 BHK Apartment,"Sector 4 Dwarka, Delhi",1750,Ready to move,1.95,,,South/West/Central Delhi
3 BHK Apartment,"Sector 22 Dwarka, Delhi",1700,Ready to move,1.8,,,South/West/Central Delhi
4 BHK Apartment,"Sector 5 Dwarka, Delhi",2400,Ready to move,1.6,,,South/West/Central Delhi
3 BHK Apartment,"Sector 2 Dwarka, Delhi",1700,Ready to move,1.55,,,South/West/Central Delhi
4 BHK Apartment,"Sector 5 Dwarka, Delhi",2600,Ready to move,2.35,,,South/West/Central Delhi
3 BHK Apartment,"Sector 11 Dwarka, Delhi",1700,Ready to move,1.65,,,South/West/Central Delhi
4 BHK Apartment,"Sector 12 Dwarka, Delhi",2400,Ready to move,1.65,,,South/West/Central Delhi
2 BHK Apartment,"Sector 11 Dwarka, Delhi",1200,Ready to move,1.26,,,South/West/Central Delhi
4 BHK Apartment,,2400,Ready to move,2.5,,,South/West/Central Delhi
3 BHK Apartment,,1800,Ready to move,2.3,,,South/West/Central Delhi
3 BHK Independent Floor,,1890,Ready to move,1.55,,,South/West/Central Delhi
3 BHK Independent Floor,,1250,Ready to move,1,,,South/West/Central Delhi
3 BHK Independent Floor,,900,Ready to move,70,,,South-West Delhi
2 BHK Independent Floor,,720,Ready to move,65,,,South-West Delhi
4 BHK Apartment,,1600,Ready to move,2.25,,,South/West/Central Delhi
2 BHK Independent House,,450,Ready to move,1.27,,,South/West/Central Delhi
2 BHK Independent Floor,,450,Ready to move,45,,,South-West Delhi
1 RK Studio Apartment,,720,Ready to move,75,,,South-West Delhi
3 BHK Independent Floor,,900,Ready to move,1,,,South/West/Central Delhi
3 BHK Independent Floor,,1950,Ready to move,3.1,,,South/West/Central Delhi
3 BHK Independent Floor,,950,Ready to move,90,,,South-West Delhi
3 BHK Independent Floor,,950,Ready to move,90,,,South-West Delhi
3 BHK Independent Floor,,950,Ready to move,75,,,South-West Delhi
3 BHK Independent Floor,,1000,Ready to move,1,,,South/West/Central Delhi
2 BHK Independent Floor,,450,Ready to move,32,,,South-West Delhi
3 BHK Independent Floor,,900,Ready to move,75,,,South-West Delhi
3 BHK Independent Floor,,950,Ready to move,50,,,South-West Delhi
3 BHK Apartment,,1800,Ready to move,1.86,,,South/West/Central Delhi
3 BHK Apartment,"Bindapur, Delhi",1450,Under Construction,32.5,,,South-West Delhi
4 BHK Apartment,"Sector-18 Dwarka, Delhi",2400,Ready to move,2.5,,,South/West/Central Delhi
3 BHK Apartment,"Sector 10 Dwarka, Delhi",2000,Ready to move,1.51,,,South/West/Central Delhi
1 BHK Apartment,"Sector 14 Dwarka, Delhi",548,Ready to move,57,,,South-West Delhi
3 BHK Apartment,"Sector 4 Dwarka, Delhi",1700,Ready to move,1.5,,,South/West/Central Delhi
4 BHK Apartment,"Sector 22 Dwarka, Delhi",1950,Ready to move,1.88,,,South/West/Central Delhi
3 BHK Apartment,"Sector 12 Dwarka, Delhi",1700,Ready to move,1.8,,,South/West/Central Delhi
3 BHK Apartment,"Sector 13 Dwarka, Delhi",1800,Ready to move,2.35,,,South/West/Central Delhi
4 BHK Apartment,"Sector 22 Dwarka, Delhi",2400,Ready to move,2.6,,,South/West/Central Delhi
3 BHK Independent Floor,"Chittaranjan Park, Delhi",1350,Ready to move,1.9,,,South/West/Central Delhi
4 BHK Apartment,"Sector 6 Dwarka, Delhi",2800,Ready to move,2.8,,,South/West/Central Delhi
3 BHK Apartment,"Sector 22 Dwarka, Delhi",1700,Ready to move,1.52,,,South/West/Central Delhi
2 BHK Apartment,"Sector 19 Dwarka, Delhi",1250,Ready to move,95.5,,,South-West Delhi
3 BHK Apartment,"Sector 23 Dwarka, Delhi",1850,Ready to move,1.55,,,South/West/Central Delhi
2 BHK Apartment,"Sector 9 Dwarka, Delhi",1400,Ready to move,1.3,,,South/West/Central Delhi
4 BHK Apartment,"Sector 3 Dwarka, Delhi",2300,Ready to move,2.05,,,South/West/Central Delhi
3 BHK Apartment,"Sector-18 Dwarka, Delhi",1850,Ready to move,1.65,,,South/West/Central Delhi
3 BHK Apartment,"Sector-18 Dwarka, Delhi",1800,Ready to move,1.7,,,South/West/Central Delhi
4 BHK Apartment,"Sector 11 Dwarka, Delhi",1900,Ready to move,2.1,,,South/West/Central Delhi
3 BHK Apartment,"Sector 11 Dwarka, Delhi",1750,Ready to move,1.68,,,South/West/Central Delhi
3 BHK Independent Floor,,1890,Ready to move,1.52,,,South/West/Central Delhi
4 BHK Independent Floor,,2160,Ready to move,4,,,South/West/Central Delhi
4 BHK Independent Floor,,2800,Ready to move,4,,,South/West/Central Delhi
3 BHK Independent Floor,,1800,Ready to move,2.2,,,South/West/Central Delhi
4 BHK Independent Floor,,2000,Ready to move,3.25,,,South/West/Central Delhi
3 BHK Independent Floor,,1100,Ready to move,1.75,,,South/West/Central Delhi
2 BHK Independent Floor,,750,Ready to move,85,,,South-West Delhi
4 BHK Independent Floor,,1500,Ready to move,2.3,,,South/West/Central Delhi
3 BHK Apartment,,1350,Ready to move,1.1,,,South/West/Central Delhi
3 BHK Apartment,,1350,Ready to move,1.07,,,South/West/Central Delhi
2 BHK Apartment,,1250,Ready to move,1.25,,,South/West/Central Delhi
3 BHK Apartment,,1700,Ready to move,2.05,,,South/West/Central Delhi
3 BHK Apartment,,1600,Ready to move,1.63,,,South/West/Central Delhi
3 BHK Apartment,,1600,Ready to move,1.37,,,South/West/Central Delhi
1 BHK Independent House,,450,Ready to move,1.25,,,South/West/Central Delhi
3 BHK Apartment,,1800,Ready to move,2.7,,,South/West/Central Delhi
2 BHK Apartment,,1000,Ready to move,75,,,South-West Delhi
3 BHK Apartment,,1600,Ready to move,1.6,,,South/West/Central Delhi
3 BHK Apartment,,1700,Ready to move,1.89,,,South/West/Central Delhi
2 BHK Apartment,,1000,Ready to move,69,,,South-West Delhi
3 BHK Independent House,"Gokalpur, Delhi",675,Ready to move,75,,,South-West Delhi
3 BHK Apartment,"Sector 22 Dwarka, Delhi",1700,Ready to move,1.79,,,South/West/Central Delhi
4 BHK Apartment,"Sector 10 Dwarka, Delhi",2400,Ready to move,2.35,,,South/West/Central Delhi
3 BHK Apartment,"Sector-18 Dwarka, Delhi",1700,Ready to move,1.75,,,South/West/Central Delhi
3 BHK Apartment,"Sector 6 Dwarka, Delhi",1700,Ready to move,1.7,,,South/West/Central Delhi
3 BHK Apartment,"Sector 3 Dwarka, Delhi",1750,Ready to move,1.98,,,South/West/Central Delhi
3 BHK Apartment,"Sector 6 Dwarka, Delhi",1700,Ready to move,1.56,,,South/West/Central Delhi
3 BHK Apartment,"Sector 10 Dwarka, Delhi",1750,Ready to move,2.5,,,South/West/Central Delhi
2 BHK Independent Floor,"Dwarka Mor, Delhi",500,Ready to move,23,,,South-West Delhi
1 BHK Independent Floor,"Dwarka Mor, Delhi",450,Ready to move,20,,,South-West Delhi
1 BHK Independent Floor,"Dwarka Mor, Delhi",400,Ready to move,18,,,South/West/Central Delhi
1 BHK Independent Floor,"Dwarka Mor, Delhi",350,Ready to move,15,,,South/West/Central Delhi
3 BHK Independent Floor,"Dwarka Mor, Delhi",800,Ready to move,42,,,South-West Delhi
3 BHK Independent Floor,"Dwarka Mor, Delhi",750,Ready to move,38,,,South-West Delhi
2 BHK Independent Floor,"Dwarka Mor, Delhi",600,Ready to move,28,,,South-West Delhi
2 BHK Independent Floor,"Dwarka Mor, Delhi",550,Ready to move,26,,,South-West Delhi
4 BHK Apartment,"Hauz Khas, Delhi",4500,Ready to move,7.5,,,South/West/Central Delhi
3 BHK Apartment,"Dwarka Mor, Delhi",900,Ready to move,45,,,South-West Delhi
2 BHK Apartment,"Dwarka Mor, Delhi",500,Ready to move,23,,,South-West Delhi
1 BHK Apartment,"Dwarka Mor, Delhi",400,Ready to move,18,,,South/West/Central Delhi
2 BHK Apartment,,1400,Ready to move,1.65,,,South/West/Central Delhi
2 BHK Apartment,,1000,Ready to move,1.05,,,South/West/Central Delhi
3 BHK Apartment,,1350,Ready to move,1.2,,,South/West/Central Delhi
3 BHK Apartment,,1350,Ready to move,1.1,,,South/West/Central Delhi
3 BHK Apartment,,1450,Ready to move,1.85,,,South/West/Central Delhi
3 BHK Independent Floor,,1100,Ready to move,1.4,,,South/West/Central Delhi
2 BHK Independent Floor,,750,Ready to move,72,,,South-West Delhi
3 BHK Independent House,,675,Ready to move,75,,,South-West Delhi
3 BHK Independent Floor,,2000,Ready to move,3,,,South/West/Central Delhi
2 BHK Independent Floor,,900,Ready to move,1.1,,,South/West/Central Delhi
2 BHK Apartment,,570,Ready to move,33,,,South-West Delhi
3 BHK Apartment,,950,Ready to move,50,,,South-West Delhi
2 BHK Apartment,,1250,Ready to move,1.1,,,South/West/Central Delhi
3 BHK Apartment,,810,Ready to move,32,,,South-West Delhi
3 BHK Independent Floor,,1800,Ready to move,4.75,,,South/West/Central Delhi
3 BHK Independent Floor,,1800,Ready to move,4.5,,,South/West/Central Delhi
3 BHK Independent Floor,,1800,Under Construction,2.7,,,South/West/Central Delhi
2 BHK Independent House,,720,Ready to move,1.6,,,South/West/Central Delhi
2 BHK Independent Floor,,675,Ready to move,40,,,South-West Delhi
2 BHK Independent Floor,,950,Ready to move,1.45,,,South/West/Central Delhi
2 BHK Independent Floor,,650,Ready to move,35,,New,South-West Delhi
2 BHK Independent Floor,,450,Ready to move,36,,New,South-West Delhi
3 BHK Independent Floor,,880,Ready to move,75,,2 Bathrooms,South-West Delhi
4 BHK Independent Floor,,1400,Ready to move,1.65,,New,South/West/Central Delhi
2 BHK Independent Floor,,650,Ready to move,51,,2 Bathrooms,South-West Delhi
4 BHK Independent Floor,,3600,Ready to move,4.65,,4 Bathrooms,South/West/Central Delhi
2 BHK Independent Floor,,550,Ready to move,45,,New,South-West Delhi
2 BHK Independent Floor,,650,Ready to move,56,,New,South-West Delhi
3 BHK Independent Floor,,780,Ready to move,56,,2 Bathrooms,South-West Delhi
3 BHK Independent Floor,,800,Ready to move,68,,2 Bathrooms,South-West Delhi
3 BHK Independent Floor,,1400,Ready to move,1.68,,3 Bathrooms,South/West/Central Delhi
3 BHK Independent Floor,,800,Ready to move,58,,2 Bathrooms,South-West Delhi
3 BHK Independent Floor,,1120,Ready to move,67,,New,South-West Delhi
3 BHK Independent Floor,,800,Ready to move,70,,2 Bathrooms,South-West Delhi
3 BHK Independent Floor,,900,Ready to move,85,,2 Bathrooms,South-West Delhi
1 BHK Independent Floor,,400,Ready to move,28,,1 Bathrooms,South-West Delhi
4 BHK Independent Floor,,2300,Ready to move,3.15,,New,South/West/Central Delhi
4 BHK Independent Floor,,2200,Ready to move,2,,4 Bathrooms,South/West/Central Delhi
3 BHK Independent Floor,,1125,Ready to move,1.3,,3 Bathrooms,South/West/Central Delhi
2 BHK Independent Floor,,700,Ready to move,60,,New,South-West Delhi
1 BHK Apartment,"Dwarka Mor, Delhi",400,Ready to move,18,,,South/West/Central Delhi
2 BHK Apartment,"Dwarka Mor, Delhi",700,Ready to move,35,,,South-West Delhi
2 BHK Apartment,"Dwarka Mor, Delhi",650,Ready to move,32,,,South-West Delhi
4 BHK Apartment,"Dwarka Mor, Delhi",1000,Ready to move,60,,,South-West Delhi
3 BHK Apartment,"Dwarka Mor, Delhi",750,Ready to move,38,,,South-West Delhi
2 BHK Apartment,"Dwarka Mor, Delhi",600,Ready to move,28,,,South-West Delhi
2 BHK Independent Floor,"Sector 8 Dwarka, Delhi",740,Ready to move,53,,,South-West Delhi
2 BHK Independent Floor,"Sector 8 Dwarka, Delhi",720,Ready to move,50.99,,,South-West Delhi
1 BHK Apartment,"Sector 14 Dwarka, Delhi",550,Ready to move,48,,,South-West Delhi
3 BHK Apartment,"Sector 23 Dwarka, Delhi",1750,Ready to move,1.88,,,South/West/Central Delhi
2 BHK Independent Floor,"Sector 8 Dwarka, Delhi",720,Ready to move,50.9,,,South-West Delhi
4 BHK Independent Floor,"Sector 8 Dwarka, Delhi",1890,Ready to move,1.55,,,South/West/Central Delhi
2 BHK Independent Floor,"Sector 8 Dwarka, Delhi",720,Ready to move,74,,,South-West Delhi
2 BHK Independent Floor,"Sector 8 Dwarka, Delhi",720,Ready to move,57,,,South-West Delhi
3 BHK Apartment,"Vasant Kunj, Delhi",1100,Ready to move,2.8,,,South/West/Central Delhi
2 BHK Apartment,"Vasant Kunj, Delhi",1200,Ready to move,2.25,,,South/West/Central Delhi
2 BHK Apartment,"Vasant Kunj, Delhi",1400,Ready to move,1.65,,,South/West/Central Delhi
3 BHK Apartment,"Vasant Kunj, Delhi",2000,Ready to move,2.1,,,South/West/Central Delhi
1 BHK Independent Floor,"Sector 3 Rohini, Delhi",400,Under Construction,45,,,South-West Delhi
4 BHK Independent Floor,"East of Kailash, Delhi",2700,Ready to move,7.5,,,South/West/Central Delhi
3 BHK Apartment,,1600,Ready to move,4.25,,3 Bathrooms,South/West/Central Delhi
3 BHK Independent Floor,,1800,Under Construction,4.5,,3 Bathrooms,South/West/Central Delhi
4 BHK Independent Floor,,2250,Ready to move,4.5,,4 Bathrooms,South/West/Central Delhi
2 BHK Independent Floor,,900,Ready to move,1.15,,2 Bathrooms,South/West/Central Delhi
2 BHK Independent Floor,,900,Ready to move,85,,2 Bathrooms,South-West Delhi
3 BHK Apartment,,1700,Ready to move,1.5,,3 Bathrooms,South/West/Central Delhi
4 BHK Independent Floor,,2250,Ready to move,4.55,,4 Bathrooms,South/West/Central Delhi
4 BHK Apartment,,3030,Under Construction,9.25,,Possession by Jun 2026,South/West/Central Delhi
3 BHK Apartment,,1600,Ready to move,3.35,,6 - 7 years old,South/West/Central Delhi
3 BHK Independent Floor,,1650,Ready to move,4,,3 Bathrooms,South/West/Central Delhi
2 BHK Apartment,,1000,Ready to move,1.05,,3 years old,South/West/Central Delhi
2 BHK Independent Floor,,900,Ready to move,1.4,,2 Bathrooms,South/West/Central Delhi
3 BHK Apartment,,1700,Ready to move,1.65,,15 - 16 years old,South/West/Central Delhi
3 BHK Apartment,,1750,Ready to move,1.95,,3 Bathrooms,South/West/Central Delhi
3 BHK Apartment,,1700,Ready to move,1.76,,6 - 7 years old,South/West/Central Delhi
3 BHK Apartment,,1700,Ready to move,1.6,,3 Bathrooms,South/West/Central Delhi
2 BHK Apartment,,1200,Ready to move,1.18,,2 Bathrooms,South/West/Central Delhi
2 BHK Apartment,,1200,Ready to move,1.25,,2 Bathrooms,South/West/Central Delhi
3 BHK Apartment,,1700,Ready to move,2.85,,6 - 7 years old,South/West/Central Delhi
3 BHK Apartment,,1686,Ready to move,2.75,,6 - 7 years old,South/West/Central Delhi
3 BHK Independent Floor,,1150,Ready to move,1.55,,,South/West/Central Delhi
2 BHK Independent Floor,,450,Ready to move,33,,,South-West Delhi
3 BHK Independent Floor,,1200,Ready to move,2.3,,,South/West/Central Delhi
3 BHK Independent Floor,,1080,Ready to move,60,,,South-West Delhi
3 BHK Apartment,,2306,Under Construction,6,,,South/West/Central Delhi
4 BHK Apartment,,3901,Under Construction,8.5,,,South/West/Central Delhi
2 BHK Independent Floor,,675,Ready to move,34,,,South-West Delhi
4 BHK Independent Floor,,1100,Ready to move,65,,,South-West Delhi
4 BHK Independent Floor,,3600,Ready to move,7.75,,,South/West/Central Delhi
4 BHK Independent Floor,,4950,Ready to move,12,,,South/West/Central Delhi
4 BHK Apartment,,1450,Ready to move,1.75,,,South/West/Central Delhi
3 BHK Independent Floor,,1872,Ready to move,4.35,,,South/West/Central Delhi
3 BHK Independent Floor,,2250,Ready to move,4.95,,,South/West/Central Delhi
3 BHK Independent Floor,,1872,Ready to move,4.5,,,South/West/Central Delhi
5 BHK Apartment,,4500,Ready to move,6.5,,,South/West/Central Delhi
5 BHK Apartment,,3750,Ready to move,5,,,South/West/Central Delhi
5 BHK Apartment,,3700,Ready to move,5,,,South/West/Central Delhi
8 BHK Apartment,,4100,Ready to move,5.25,,,South/West/Central Delhi
2 BHK Independent Floor,,648,Ready to move,48,,,South-West Delhi
2 BHK Independent Floor,,900,Ready to move,35,,,South-West Delhi
4 BHK Apartment,,2400,Ready to move,2.15,,,South/West/Central Delhi
3 BHK Apartment,,1700,Ready to move,1.55,,,South/West/Central Delhi
3 BHK Apartment,,1700,Ready to move,1.65,,,South/West/Central Delhi
4 BHK Apartment,,2400,Ready to move,1.91,,,South/West/Central Delhi
3 BHK Apartment,,2350,Ready to move,2.4,,,South/West/Central Delhi
2 BHK Apartment,,1200,Ready to move,1.25,,,South/West/Central Delhi
3 BHK Apartment,,1700,Ready to move,1.74,,,South/West/Central Delhi
3 BHK Apartment,,1700,Ready to move,1.6,,,South/West/Central Delhi
4 BHK Apartment,,2400,Ready to move,2.35,,,South/West/Central Delhi
3 BHK Apartment,,1800,Ready to move,2.08,,,South/West/Central Delhi
3 BHK Apartment,,1650,Ready to move,1.69,,,South/West/Central Delhi
3 BHK Apartment,,1850,Ready to move,1.65,,,South/West/Central Delhi
4 BHK Apartment,,2050,Ready to move,1.95,,,South/West/Central Delhi
3 BHK Apartment,,1750,Ready to move,1.88,,,South/West/Central Delhi
5 BHK Apartment,,2250,Ready to move,3.25,,,South/West/Central Delhi
3 BHK Apartment,,1700,Ready to move,1.88,,,South/West/Central Delhi
3 BHK Apartment,,1725,Ready to move,1.75,,,South/West/Central Delhi
4 BHK Apartment,,2150,Ready to move,2.3,,,South/West/Central Delhi
3 BHK Apartment,,2100,Ready to move,1.85,,,South/West/Central Delhi
3 BHK Apartment,,1850,Ready to move,1.75,,,South/West/Central Delhi
4 BHK Apartment,"Sector 6 Dwarka, Delhi",2050,Ready to move,2.11,,3 Bathrooms,South/West/Central Delhi
3 BHK Apartment,"Sector 6 Dwarka, Delhi",1850,Ready to move,1.95,,3 Bathrooms,South/West/Central Delhi
3 BHK Apartment,"Dwarka Mor, Delhi",1650,Ready to move,1.95,,3 Bathrooms,South/West/Central Delhi
3 BHK Apartment,"Sector 6 Dwarka, Delhi",1750,Ready to move,1.75,,6 - 7 years old,South/West/Central Delhi
3 BHK Apartment,"Sector 22 Dwarka, Delhi",1800,Ready to move,1.95,,14 - 15 years old,South/West/Central Delhi
4 BHK Apartment,"Sector 12 Dwarka, Delhi",1950,Ready to move,2.18,,6 - 7 years old,South/West/Central Delhi
3 BHK Apartment,"Sector 10 Dwarka, Delhi",1600,Ready to move,1.6,,3 Bathrooms,South/West/Central Delhi
3 BHK Apartment,"Sector 18A Dwarka, Delhi",1700,Ready to move,1.8,,2 Bathrooms,South/West/Central Delhi
3 BHK Apartment,"Sector 10 Dwarka, Delhi",1950,Ready to move,1.8,,3 Bathrooms,South/West/Central Delhi
3 BHK Apartment,"Sector 19 Dwarka, Delhi",1800,Ready to move,1.95,,3 Bathrooms,South/West/Central Delhi
3 BHK Apartment,"Sector 6 Dwarka, Delhi",1900,Ready to move,2,,3 Bathrooms,South/West/Central Delhi
4 BHK Apartment,"Sector 19 Dwarka, Delhi",1900,Ready to move,2,,16 - 17 years old,South/West/Central Delhi
4 BHK Apartment,"Sector 11 Dwarka, Delhi",2000,Ready to move,2.45,,3 Bathrooms,South/West/Central Delhi
2 BHK Apartment,"Sector 5 Dwarka, Delhi",1100,Ready to move,1.12,,2 Bathrooms,South/West/Central Delhi
4 BHK Apartment,"Sector 4 Dwarka, Delhi",2000,Ready to move,2.35,,3 Bathrooms,South/West/Central Delhi
3 BHK Apartment,"Sector 4 Dwarka, Delhi",1900,Ready to move,1.85,,3 Bathrooms,South/West/Central Delhi
4 BHK Apartment,"Sector-18 Dwarka, Delhi",2100,Ready to move,2.25,,6 - 7 years old,South/West/Central Delhi
3 BHK Apartment,"Sector 6 Dwarka, Delhi",1850,Ready to move,1.58,,14 - 15 years old,South/West/Central Delhi
3 BHK Apartment,"Sector 5 Dwarka, Delhi",1750,Ready to move,1.9,,3 Bathrooms,South/West/Central Delhi
3 BHK Independent Floor,"Tri Nagar, Delhi",800,Ready to move,65,,2 Bathrooms,South-West Delhi
2 BHK Independent Floor,,900,Ready to move,42,,Resale,South-West Delhi
3 BHK Independent Floor,,900,Ready to move,85,,Resale,South-West Delhi
2 BHK Independent Floor,,1170,Ready to move,1.65,,Resale,South/West/Central Delhi
1 BHK Independent Floor,,500,Ready to move,18,,Resale,South/West/Central Delhi
2 BHK Independent Floor,,900,Ready to move,1.2,,1 Bathrooms,South/West/Central Delhi
3 BHK Apartment,,720,Ready to move,45,,New,South-West Delhi
2 BHK Apartment,,540,Ready to move,32,,New,South-West Delhi
3 BHK Apartment,,900,Ready to move,60,,New,South-West Delhi
2 BHK Apartment,,500,Ready to move,28,,New,South-West Delhi
1 BHK Apartment,,450,Ready to move,16,,New,South/West/Central Delhi
1 BHK Apartment,,400,Ready to move,14,,New,South/West/Central Delhi
3 BHK Apartment,,800,Ready to move,50,,New,South-West Delhi
3 BHK Apartment,,750,Ready to move,48,,New,South-West Delhi
2 BHK Apartment,,600,Ready to move,35,,New,South-West Delhi
3 BHK Apartment,,700,Ready to move,40,,New,South-West Delhi
4 BHK Independent Floor,,3800,Ready to move,6.33,,Resale,South/West/Central Delhi
3 BHK Independent Floor,,2160,Ready to move,3,,Resale,South/West/Central Delhi
2 BHK Independent Floor,,720,Ready to move,45,,2 Bathrooms,South-West Delhi
3 BHK Apartment,,1700,Ready to move,1.7,,3 Bathrooms,South/West/Central Delhi
3 BHK Apartment,,1700,Ready to move,1.8,,Resale,South/West/Central Delhi
3 BHK Apartment,,1700,Ready to move,1.7,,,South/West/Central Delhi
3 BHK Apartment,,1700,Ready to move,1.8,,,South/West/Central Delhi
3 BHK Apartment,,1700,Ready to move,1.75,,,South/West/Central Delhi
4 BHK Apartment,,2400,Ready to move,2.1,,,South/West/Central Delhi
4 BHK Apartment,,2200,Ready to move,2.68,,,South/West/Central Delhi
3 BHK Apartment,,1700,Ready to move,1.45,,,South/West/Central Delhi
3 BHK Apartment,,1700,Ready to move,1.59,,,South/West/Central Delhi
2 BHK Apartment,,1200,Ready to move,1.38,,,South/West/Central Delhi
3 BHK Apartment,,1700,Ready to move,1.48,,,South/West/Central Delhi
3 BHK Apartment,,1750,Ready to move,2.2,,,South/West/Central Delhi
3 BHK Apartment,,1700,Ready to move,1.56,,,South/West/Central Delhi
3 BHK Apartment,,1700,Ready to move,1.8,,,South/West/Central Delhi
3 BHK Apartment,,1800,Ready to move,2.2,,,South/West/Central Delhi
4 BHK Apartment,,2400,Ready to move,2.1,,,South/West/Central Delhi
3 BHK Apartment,,1700,Ready to move,1.7,,,South/West/Central Delhi
3 BHK Apartment,,1700,Ready to move,1.76,,,South/West/Central Delhi
4 BHK Apartment,,2400,Ready to move,2.55,,,South/West/Central Delhi
3 BHK Apartment,,1750,Ready to move,1.9,,,South/West/Central Delhi
3 BHK Apartment,,1700,Ready to move,1.65,,,South/West/Central Delhi
3 BHK Apartment,,1750,Ready to move,1.45,,,South/West/Central Delhi
2 BHK Apartment,"Sector-18 Dwarka, Delhi",1600,Ready to move,1.5,,,South/West/Central Delhi
3 BHK Apartment,"Sector 9 Dwarka, Delhi",1700,Ready to move,1.78,,,South/West/Central Delhi
3 BHK Apartment,"Sector 1 Dwarka, Delhi",1750,Ready to move,1.88,,,South/West/Central Delhi
3 BHK Apartment,"Sector 3 Dwarka, Delhi",1700,Ready to move,1.55,,,South/West/Central Delhi
3 BHK Apartment,"Sector 3 Dwarka, Delhi",1750,Ready to move,1.6,,,South/West/Central Delhi
4 BHK Apartment,"Sector 22 Dwarka, Delhi",2400,Ready to move,1.75,,,South/West/Central Delhi
4 BHK Apartment,"Sector 19 Dwarka, Delhi",2400,Ready to move,2.1,,,South/West/Central Delhi
3 BHK Apartment,"Sector 22 Dwarka, Delhi",1700,Ready to move,1.72,,,South/West/Central Delhi
2 BHK Independent Floor,"Sector 8 Dwarka, Delhi",720,Ready to move,57,,,South-West Delhi
2 BHK Independent Floor,"Sector 8 Dwarka, Delhi",720,Ready to move,51,,,South-West Delhi
4 BHK Apartment,"Sector 5 Dwarka, Delhi",2400,Ready to move,1.95,,,South/West/Central Delhi
4 BHK Apartment,"Sector 4 Dwarka, Delhi",2400,Ready to move,2.1,,,South/West/Central Delhi
3 BHK Independent Floor,"Greater kailash 1, Delhi",3600,Ready to move,4.5,,,South/West/Central Delhi
2 BHK Apartment,"Dwarka Mor, Delhi",530,Ready to move,24,,,South-West Delhi
1 BHK Apartment,"Dwarka Mor, Delhi",420,Ready to move,16.5,,,South/West/Central Delhi
1 BHK Apartment,"Dwarka Mor, Delhi",410,Ready to move,16,,,South/West/Central Delhi
3 BHK Apartment,"Dwarka Mor, Delhi",750,Ready to move,37,,,South-West Delhi
2 BHK Apartment,"Dwarka Mor, Delhi",530,Ready to move,23.51,,,South-West Delhi
2 BHK Apartment,"Dwarka Mor, Delhi",520,Ready to move,21,,,South-West Delhi
2 BHK Apartment,"Dwarka Mor, Delhi",520,Ready to move,22.22,,,South-West Delhi
2 BHK Apartment,"Dwarka Mor, Delhi",530,Ready to move,22.5,,,South-West Delhi
2 BHK Apartment,"Dwarka Mor, Delhi",530,Ready to move,21.5,,,South-West Delhi
2 BHK Apartment,"Dwarka Mor, Delhi",520,Ready to move,20,,,South-West Delhi
2 BHK Apartment,"Dwarka Mor, Delhi",560,Ready to move,27.5,,,South-West Delhi
2 BHK Apartment,"Dwarka Mor, Delhi",620,Ready to move,32,,,South-West Delhi
2 BHK Apartment,"Dwarka Mor, Delhi",520,Ready to move,22.5,,,South-West Delhi
3 BHK Apartment,"Dwarka Mor, Delhi",850,Ready to move,45,,,South-West Delhi
2 BHK Apartment,"Dwarka Mor, Delhi",520,Ready to move,19.5,,,South-West Delhi
2 BHK Apartment,"Dwarka Mor, Delhi",500,Ready to move,20.5,,,South-West Delhi
4 BHK Apartment,"Dwarka Mor, Delhi",1175,Ready to move,75,,,South-West Delhi
2 BHK Apartment,"Uttam Nagar, Delhi",500,Ready to move,21,,,South-West Delhi
2 BHK Apartment,"Uttam Nagar, Delhi",450,Ready to move,18,,,South/West/Central Delhi
1 BHK Apartment,"Uttam Nagar, Delhi",360,Ready to move,14.99,,,South/West/Central Delhi
1 BHK Apartment,"Uttam Nagar, Delhi",450,Ready to move,18,,,South/West/Central Delhi
1 BHK Apartment,"Uttam Nagar, Delhi",410,Ready to move,16.99,,,South/West/Central Delhi
1 BHK Apartment,"Uttam Nagar, Delhi",430,Ready to move,18.99,,,South-West Delhi
2 BHK Apartment,"Uttam Nagar, Delhi",550,Ready to move,23.99,,,South-West Delhi
2 BHK Apartment,"Dwarka Mor, Delhi",520,Ready to move,22.22,,,South-West Delhi
2 BHK Independent Floor,"Dwarka Mor, Delhi",550,Ready to move,29,,,South-West Delhi
2 BHK Apartment,"Dwarka Mor, Delhi",550,Ready to move,22,,,South-West Delhi
2 BHK Apartment,"Dwarka Mor, Delhi",550,Ready to move,22,,,South-West Delhi
2 BHK Apartment,"Uttam Nagar, Delhi",500,Ready to move,21,,,South-West Delhi
2 BHK Apartment,"Uttam Nagar, Delhi",450,Ready to move,18,,,South/West/Central Delhi
1 BHK Apartment,"Uttam Nagar, Delhi",360,Ready to move,14.99,,,South/West/Central Delhi
1 BHK Apartment,"Uttam Nagar, Delhi",450,Ready to move,18,,,South/West/Central Delhi
1 BHK Apartment,"Uttam Nagar, Delhi",410,Ready to move,16.99,,,South/West/Central Delhi
1 BHK Apartment,"Uttam Nagar, Delhi",430,Ready to move,18.99,,,South-West Delhi
2 BHK Apartment,"Uttam Nagar, Delhi",550,Ready to move,23.99,,,South-West Delhi
2 BHK Independent Floor,"Lajpat Nagar, Delhi",900,Ready to move,1.35,,,South/West/Central Delhi
3 BHK Independent Floor,"Lajpat Nagar, Delhi",1350,Under Construction,2.6,,,South/West/Central Delhi
3 BHK Independent Floor,"Lajpat Nagar, Delhi",1800,Ready to move,3.25,,,South/West/Central Delhi
3 BHK Independent Floor,"Lajpat Nagar, Delhi",1800,Ready to move,3.8,,,South/West/Central Delhi
2 BHK Independent Floor,"Lajpat Nagar, Delhi",900,Ready to move,1.65,,,South/West/Central Delhi
3 BHK Apartment,"Saket, Delhi",1600,Ready to move,2.5,,,South/West/Central Delhi
3 BHK Apartment,"Saket, Delhi",1500,Ready to move,2,,,South/West/Central Delhi
2 BHK Independent Floor,"Malviya Nagar, Delhi",900,Ready to move,1.45,,,South/West/Central Delhi
4 BHK Apartment,"Sector 19 Dwarka, Delhi",2400,Ready to move,2.35,,,South/West/Central Delhi
3 BHK Independent Floor,"Bharat Vihar, Delhi",760,Ready to move,40,,,South-West Delhi
3 BHK Apartment,"Sector 7 Dwarka, Delhi",1700,Ready to move,1.45,,,South/West/Central Delhi
2 BHK Apartment,"Sector 12 Dwarka, Delhi",1200,Ready to move,1.4,,,South/West/Central Delhi
3 BHK Apartment,,1800,Ready to move,2.5,,3 Bathrooms,South/West/Central Delhi
3 BHK Apartment,,1700,Ready to move,1.75,,Resale,South/West/Central Delhi
3 BHK Apartment,,1750,Ready to move,2.15,,3 Bathrooms,South/West/Central Delhi
3 BHK Apartment,,1700,Ready to move,1.9,,3 Bathrooms,South/West/Central Delhi
3 BHK Apartment,,1750,Ready to move,2,,3 Bathrooms,South/West/Central Delhi
3 BHK Apartment,,1700,Ready to move,1.4,,2 Bathrooms,South/West/Central Delhi
3 BHK Apartment,,1700,Ready to move,1.65,,Resale,South/West/Central Delhi
3 BHK Apartment,,1700,Ready to move,1.45,,Resale,South/West/Central Delhi
3 BHK Apartment,,1700,Ready to move,1.82,,Resale,South/West/Central Delhi
3 BHK Apartment,,1750,Ready to move,2.1,,Resale,South/West/Central Delhi
3 BHK Apartment,,1800,Ready to move,1.9,,3 Bathrooms,South/West/Central Delhi
3 BHK Apartment,,1700,Ready to move,1.53,,Resale,South/West/Central Delhi
3 BHK Apartment,,1700,Ready to move,1.45,,2 Bathrooms,South/West/Central Delhi
2 BHK Apartment,,1200,Ready to move,1.4,,Resale,South/West/Central Delhi
4 BHK Apartment,,2400,Ready to move,2.75,,3 Bathrooms,South/West/Central Delhi
4 BHK Apartment,,2400,Ready to move,2.3,,Resale,South/West/Central Delhi
4 BHK Apartment,,2600,Ready to move,2.2,,Resale,South/West/Central Delhi
3 BHK Apartment,,1700,Ready to move,1.85,,Resale,South/West/Central Delhi
3 BHK Apartment,,1750,Ready to move,2.07,,2 Bathrooms,South/West/Central Delhi
3 BHK Apartment,,1700,Ready to move,1.58,,Resale,South/West/Central Delhi
2 BHK Apartment,"Sector 7 Dwarka, Delhi",1200,Ready to move,1.26,,2 Bathrooms,South/West/Central Delhi
3 BHK Apartment,"Sector 13 Dwarka, Delhi",1700,Ready to move,1.6,,3 Bathrooms,South/West/Central Delhi
3 BHK Apartment,"Sector-18 Dwarka, Delhi",1700,Ready to move,1.8,,6 - 7 years old,South/West/Central Delhi
3 BHK Apartment,"Sector 19 Dwarka, Delhi",1750,Ready to move,1.89,,17 - 18 years old,South/West/Central Delhi
3 BHK Apartment,"Sector 19 Dwarka, Delhi",1750,Ready to move,1.9,,17 - 18 years old,South/West/Central Delhi
3 BHK Apartment,"Sector 9 Dwarka, Delhi",1700,Ready to move,1.65,,14 - 15 years old,South/West/Central Delhi
3 BHK Apartment,"Sector 4 Dwarka, Delhi",1750,Ready to move,1.5,,2 Bathrooms,South/West/Central Delhi
3 BHK Apartment,"Sector-18 Dwarka, Delhi",1700,Ready to move,1.8,,6 - 7 years old,South/West/Central Delhi
3 BHK Apartment,"Sector 10 Dwarka, Delhi",1700,Ready to move,1.5,,3 Bathrooms,South/West/Central Delhi
3 BHK Apartment,"Vasant Kunj, Delhi",2000,Ready to move,2.1,,2 Bathrooms,South/West/Central Delhi
2 BHK Apartment,"Vasant Kunj, Delhi",1400,Ready to move,1.65,,2 Bathrooms,South/West/Central Delhi
4 BHK Independent Floor,"Greater Kailash, Delhi",5400,Ready to move,8.5,,4 Bathrooms,South/West/Central Delhi
3 BHK Apartment,"Sector 12 Dwarka, Delhi",1750,Ready to move,1.8,,3 Bathrooms,South/West/Central Delhi
2 BHK Apartment,"Tri Nagar, Delhi",450,Ready to move,33,,2 Bathrooms,South-West Delhi
4 BHK Independent Floor,"Ashok Vihar, Delhi",1710,Ready to move,3.45,,3 Bathrooms,South/West/Central Delhi
3 BHK Independent Floor,"Sector 25 Rohini, Delhi",900,Ready to move,1.08,,5 - 6 years old,South/West/Central Delhi
3 BHK Independent Floor,"Sector 25 Rohini, Delhi",900,Ready to move,1.05,,5 - 6 years old,South/West/Central Delhi
3 BHK Apartment,"Sector 4 Dwarka, Delhi",1700,Ready to move,1.45,,2 Bathrooms,South/West/Central Delhi
3 BHK Independent Floor,"Shahdara, Delhi",1100,Under Construction,70,,2 Bathrooms,South-West Delhi
2 BHK Apartment,"Dwarka Mor, Delhi",540,Ready to move,25,,2 - 3 years old,South-West Delhi
2 BHK Apartment,,660,Ready to move,28,,,South-West Delhi
3 BHK Apartment,,775,Ready to move,35,,,South-West Delhi
3 BHK Apartment,,860,Ready to move,40,,,South-West Delhi
3 BHK Apartment,,910,Ready to move,45,,,South-West Delhi
2 BHK Apartment,,600,Ready to move,25,,,South-West Delhi
2 BHK Apartment,,550,Ready to move,23,,,South-West Delhi
2 BHK Independent Floor,,550,Ready to move,25.5,,,South-West Delhi
4 BHK Independent Floor,,1000,Ready to move,48.5,,,South-West Delhi
Residential Plot,,900,New,4.5,,,South/West/Central Delhi
Residential Plot,,1890,Resale,4.52,,,South/West/Central Delhi
Residential Plot,,1080,Resale,3.25,,,South/West/Central Delhi
Residential Plot,,14500,New,9,,,South/West/Central Delhi
Residential Plot,,1080,New,79,,,South-West Delhi
Residential Plot,,2250,New,2,,,South/West/Central Delhi
Residential Plot,,900,New,80,,,South-West Delhi
Residential Plot,,900,Resale,4.25,,,South/West/Central Delhi
Residential Plot,,900,New,80,,,South-West Delhi
Residential Plot,,747,New,80,,,South-West Delhi
Residential Plot,,675,Resale,90,,,South-West Delhi
Residential Plot,,765,Resale,1.15,,,South/West/Central Delhi
2 BHK Independent Floor,,650,Under Construction,53,,,South-West Delhi
2 BHK Independent Floor,,550,Ready to move,45.5,,,South-West Delhi
4 BHK Independent Floor,,2250,Ready to move,3.6,,,South/West/Central Delhi
2 BHK Independent Floor,,650,Under Construction,60,,,South-West Delhi
2 BHK Independent Floor,,550,Ready to move,42,,,South-West Delhi
2 BHK Independent Floor,,700,Ready to move,65,,,South-West Delhi
2 BHK Independent Floor,,550,Ready to move,48,,,South-West Delhi
2 BHK Independent Floor,,700,Ready to move,65,,,South-West Delhi
3 BHK Independent Floor,,1800,Ready to move,1.8,,,South/West/Central Delhi
3 BHK Independent Floor,,950,Ready to move,95,,,South-West Delhi
4 BHK Independent Floor,,3600,Ready to move,4.5,,,South/West/Central Delhi
4 BHK Independent Floor,,2250,Ready to move,3.15,,,South/West/Central Delhi
3 BHK Independent Floor,,1100,Ready to move,1.25,,,South/West/Central Delhi
4 BHK Independent Floor,,1600,Ready to move,2.05,,,South/West/Central Delhi
3 BHK Independent Floor,,800,Ready to move,82,,,South-West Delhi
4 BHK Independent Floor,,1200,Ready to move,1.1,,,South/West/Central Delhi
4 BHK Independent Floor,,2300,Ready to move,2,,,South/West/Central Delhi
3 BHK Independent Floor,,800,Ready to move,79,,,South-West Delhi
4 BHK Independent Floor,,1650,Ready to move,2.25,,,South/West/Central Delhi
3 BHK Apartment,,1750,Ready to move,2.15,,,South/West/Central Delhi
3 BHK Apartment,,1700,Ready to move,1.68,,,South/West/Central Delhi
3 BHK Apartment,,1750,Ready to move,1.76,,,South/West/Central Delhi
4 BHK Apartment,,2400,Ready to move,2.3,,,South/West/Central Delhi
2 BHK Apartment,,1200,Ready to move,1.1,,,South/West/Central Delhi
4 BHK Apartment,,2400,Ready to move,1.99,,,South/West/Central Delhi
3 BHK Apartment,,1700,Ready to move,1.65,,,South/West/Central Delhi
3 BHK Apartment,,1800,Ready to move,2.2,,,South/West/Central Delhi
4 BHK Apartment,,2400,Ready to move,2.7,,,South/West/Central Delhi
3 BHK Apartment,,1700,Ready to move,1.7,,,South/West/Central Delhi
3 BHK Apartment,,1700,Ready to move,1.45,,,South/West/Central Delhi
3 BHK Apartment,,1700,Ready to move,1.7,,,South/West/Central Delhi
4 BHK Apartment,,2400,Ready to move,2.4,,,South/West/Central Delhi
3 BHK Apartment,,1700,Ready to move,1.75,,,South/West/Central Delhi
4 BHK Apartment,,2400,Ready to move,2.25,,,South/West/Central Delhi
4 BHK Apartment,,2400,Ready to move,2.25,,,South/West/Central Delhi
3 BHK Apartment,,1700,Ready to move,1.45,,,South/West/Central Delhi
4 BHK Apartment,,2200,Ready to move,1.85,,,South/West/Central Delhi
3 BHK Apartment,,1700,Ready to move,1.6,,,South/West/Central Delhi
3 BHK Apartment,,1750,Ready to move,1.75,,,South/West/Central Delhi
4 BHK Apartment,,2400,Ready to move,2.25,,,South/West/Central Delhi
3 BHK Apartment,,1750,Ready to move,1.75,,3 Bathrooms,South/West/Central Delhi
1 BHK Apartment,,800,Ready to move,75,,1 Bathrooms,South-West Delhi
3 BHK Apartment,,1700,Ready to move,1.75,,2 Bathrooms,South/West/Central Delhi
1 BHK Apartment,,550,Ready to move,55,,20 - 21 years old,South-West Delhi
3 BHK Apartment,,1700,Ready to move,1.6,,2 Bathrooms,South/West/Central Delhi
3 BHK Apartment,,1700,Ready to move,1.43,,2 Bathrooms,South/West/Central Delhi
2 BHK Independent Floor,,900,Ready to move,1.6,,5 - 6 years old,South/West/Central Delhi
2 BHK Independent Floor,,900,Ready to move,1.5,,5 - 6 years old,South/West/Central Delhi
3 BHK Apartment,,1650,Ready to move,1.65,,2 Bathrooms,South/West/Central Delhi
3 BHK Apartment,,1600,Ready to move,1.48,,6 - 7 years old,South/West/Central Delhi
2 BHK Apartment,,1250,Ready to move,1.35,,2 Bathrooms,South/West/Central Delhi
3 BHK Apartment,,1700,Ready to move,1.45,,2 Bathrooms,South/West/Central Delhi
3 BHK Apartment,,1600,Ready to move,1.56,,2 Bathrooms,South/West/Central Delhi
4 BHK Apartment,,2600,Ready to move,2.15,,4 Bathrooms,South/West/Central Delhi
4 BHK Apartment,,2400,Ready to move,2.77,,4 Bathrooms,South/West/Central Delhi
3 BHK Apartment,,1700,Ready to move,1.65,,3 Bathrooms,South/West/Central Delhi
3 BHK Apartment,,1600,Ready to move,1.55,,3 Bathrooms,South/West/Central Delhi
3 BHK Apartment,,1700,Ready to move,1.7,,12 - 13 years old,South/West/Central Delhi
3 BHK Apartment,,1000,Ready to move,55,,0 - 1 year old,South-West Delhi
3 BHK Apartment,,900,Ready to move,48,,0 - 1 year old,South-West Delhi
3 BHK Apartment,"Sector 5 Dwarka, Delhi",1750,Ready to move,1.75,,,South/West/Central Delhi
4 BHK Apartment,"Sector 4 Dwarka, Delhi",2400,Ready to move,2.1,,,South/West/Central Delhi
3 BHK Apartment,"Sector 4 Dwarka, Delhi",1750,Ready to move,1.8,,,South/West/Central Delhi
4 BHK Apartment,"Sector 22 Dwarka, Delhi",2400,Ready to move,2.75,,,South/West/Central Delhi
3 BHK Apartment,"Sector 11 Dwarka, Delhi",1750,Ready to move,1.95,,,South/West/Central Delhi
4 BHK Apartment,"Sector 22 Dwarka, Delhi",2400,Ready to move,2.25,,,South/West/Central Delhi
4 BHK Apartment,"Sector 12 Dwarka, Delhi",2400,Ready to move,3.1,,,South/West/Central Delhi
3 BHK Apartment,"Sector 23 Dwarka, Delhi",1700,Ready to move,1.45,,,South/West/Central Delhi
3 BHK Apartment,"Sector 22 Dwarka, Delhi",1700,Ready to move,1.52,,,South/West/Central Delhi
2 BHK Apartment,"Sector 13 Dwarka, Delhi",1200,Ready to move,1.05,,,South/West/Central Delhi
4 BHK Apartment,"Sector 22 Dwarka, Delhi",2400,Ready to move,2.5,,,South/West/Central Delhi
3 BHK Apartment,"Dwarka Mor, Delhi",1750,Ready to move,1.95,,,South/West/Central Delhi
2 BHK Independent Floor,"Lajpat Nagar, Delhi",900,Ready to move,1.65,,,South/West/Central Delhi
2 BHK Independent Floor,"Lajpat Nagar, Delhi",900,Ready to move,1.6,,,South/West/Central Delhi
2 BHK Independent Floor,"Lajpat Nagar, Delhi",900,Under Construction,1.45,,,South/West/Central Delhi
2 BHK Independent Floor,"Lajpat Nagar, Delhi",900,Ready to move,1.46,,,South/West/Central Delhi
2 BHK Independent Floor,"Lajpat Nagar, Delhi",900,Ready to move,1.47,,,South/West/Central Delhi
2 BHK Independent Floor,"Lajpat Nagar, Delhi",900,Under Construction,1.65,,,South/West/Central Delhi
2 BHK Independent Floor,"Lajpat Nagar, Delhi",900,Ready to move,1.5,,,South/West/Central Delhi
2 BHK Independent Floor,"Dwarka Sector 15, Delhi",650,Under Construction,40,,,South-West Delhi
2 BHK Apartment,"Sector 12 Dwarka, Delhi",,,1.4,,,South/West/Central Delhi
3 BHK Apartment,"Sector 5 Dwarka, Delhi",,,2.25,,,South/West/Central Delhi
3 BHK Apartment,"Sector 2 Dwarka, Delhi",,,1.88,,,South/West/Central Delhi
3 BHK Apartment,"Sector 7 Dwarka, Delhi",,,1.98,,,South/West/Central Delhi
3 BHK Apartment,"Sector 5 Dwarka, Delhi",,,2.05,,,South/West/Central Delhi
4 BHK Apartment,"Sector 19 Dwarka, Delhi",,,2.38,,,South/West/Central Delhi
2 BHK Independent Floor,"Sector 8 Dwarka, Delhi",,,50,,,South-West Delhi
1 BHK Apartment,"Sector 14 Dwarka, Delhi",,,47,,,South-West Delhi
3 BHK Apartment,"Vasant Kunj, Delhi",,,2.8,,,South/West/Central Delhi
1 BHK Independent House,"Sector 3 Rohini, Delhi",,,60,,,South-West Delhi
3 BHK Apartment,"Vasant Kunj, Delhi",,,2.4,,,South/West/Central Delhi
3 BHK Independent Floor,"Razapur Khurd, Delhi",,,46,,,South-West Delhi
3 BHK Apartment,"Sector 5 Dwarka, Delhi",,,1.8,,,South/West/Central Delhi
2 BHK Apartment,"Sector 11 Dwarka, Delhi",,,1.1,,,South/West/Central Delhi
3 BHK Apartment,"Sector 19 Dwarka, Delhi",,,1.95,,,South/West/Central Delhi
2 BHK Independent Floor,"Sector 19 Dwarka, Delhi",,,65,,,South-West Delhi
4 BHK Apartment,"Sector 5 Dwarka, Delhi",,,2.18,,,South/West/Central Delhi
3 BHK Apartment,"Sector 2 Dwarka, Delhi",,,1.6,,,South/West/Central Delhi
3 BHK Apartment,"Sector 4 Dwarka, Delhi",,,1.75,,,South/West/Central Delhi
3 BHK Apartment,"Sector 3 Dwarka, Delhi",,,2.25,,,South/West/Central Delhi
2 BHK Apartment,"Sector 19 Dwarka, Delhi",1500,Ready to move,1.48,,,South/West/Central Delhi
4 BHK Apartment,"Sector 5 Dwarka, Delhi",2000,Ready to move,2.2,,,South/West/Central Delhi
2 BHK Apartment,"Sector 6 Dwarka, Delhi",1400,Ready to move,1.4,,,South/West/Central Delhi
3 BHK Apartment,"Sector 23 Dwarka, Delhi",1800,Ready to move,1.61,,,South/West/Central Delhi
3 BHK Apartment,"Sector 10 Dwarka, Delhi",1700,Ready to move,1.65,,,South/West/Central Delhi
2 BHK Apartment,"Sector 13 Dwarka, Delhi",1200,Ready to move,1.16,,,South/West/Central Delhi
3 BHK Apartment,"Sector 4 Dwarka, Delhi",1700,Ready to move,1.61,,,South/West/Central Delhi
3 BHK Apartment,"Sector 5 Dwarka, Delhi",1800,Ready to move,1.55,,,South/West/Central Delhi
3 BHK Apartment,"Sector 6 Dwarka, Delhi",1800,Ready to move,1.95,,,South/West/Central Delhi
3 BHK Apartment,"Sector 22 Dwarka, Delhi",2000,Ready to move,2.55,,,South/West/Central Delhi
3 BHK Apartment,"Sector 7 Dwarka, Delhi",1800,Ready to move,1.55,,,South/West/Central Delhi
4 BHK Apartment,"Sector 11 Dwarka, Delhi",2000,Ready to move,1.85,,,South/West/Central Delhi
3 BHK Apartment,"Sector 10 Dwarka, Delhi",1700,Ready to move,1.65,,,South/West/Central Delhi
4 BHK Apartment,"Sector 10 Dwarka, Delhi",1800,Ready to move,1.8,,,South/West/Central Delhi
3 BHK Apartment,"Sector 11 Dwarka, Delhi",1650,Ready to move,1.55,,,South/West/Central Delhi
4 BHK Apartment,"Sector 5 Dwarka, Delhi",2200,Ready to move,1.69,,,South/West/Central Delhi
2 BHK Apartment,"Sector 6 Dwarka, Delhi",1300,Ready to move,1.35,,,South/West/Central Delhi
2 BHK Apartment,"Sector 6 Dwarka, Delhi",1300,Ready to move,1.3,,,South/West/Central Delhi
3 BHK Apartment,"Sector 12 Dwarka, Delhi",1600,Ready to move,1.5,,,South/West/Central Delhi
3 BHK Apartment,"Sector 10 Dwarka, Delhi",1700,Ready to move,1.4,,,South/West/Central Delhi
2 BHK Apartment,,1400,Ready to move,1.4,,,South/West/Central Delhi
3 BHK Apartment,,1800,Ready to move,1.61,,,South/West/Central Delhi
3 BHK Apartment,,1700,Ready to move,1.65,,,South/West/Central Delhi
2 BHK Apartment,,1200,Ready to move,1.16,,,South/West/Central Delhi
3 BHK Apartment,,1700,Ready to move,1.61,,,South/West/Central Delhi
3 BHK Apartment,,1800,Ready to move,1.55,,,South/West/Central Delhi
3 BHK Apartment,,1800,Ready to move,1.95,,,South/West/Central Delhi
4 BHK Apartment,,2000,Ready to move,2.2,,,South/West/Central Delhi
2 BHK Independent Floor,,540,Ready to move,35,,,South-West Delhi
3 BHK Apartment,,1600,Ready to move,1.7,,,South/West/Central Delhi
3 BHK Apartment,,1700,Ready to move,1.85,,,South/West/Central Delhi
3 BHK Apartment,,1700,Ready to move,1.5,,,South/West/Central Delhi
4 BHK Apartment,,2400,Ready to move,2.9,,,South/West/Central Delhi
3 BHK Apartment,,1750,Ready to move,1.98,,,South/West/Central Delhi
4 BHK Apartment,,1800,Ready to move,1.9,,,South/West/Central Delhi
4 BHK Apartment,,1800,Ready to move,1.95,,,South/West/Central Delhi
4 BHK Apartment,,2400,Ready to move,2.35,,,South/West/Central Delhi
3 BHK Apartment,,1700,Ready to move,1.5,,,South/West/Central Delhi
4 BHK Independent Floor,,1400,Ready to move,1.2,,,South/West/Central Delhi
3 BHK Apartment,,1700,Ready to move,1.48,,,South/West/Central Delhi
3 BHK Apartment,,720,Ready to move,35.5,,,South-West Delhi
2 BHK Independent Floor,,600,Ready to move,31.5,,,South-West Delhi
3 BHK Apartment,,1800,Ready to move,2.25,,,South/West/Central Delhi
Residential Plot,,900,New,79,,,South-West Delhi
4 BHK Independent Floor,,2250,Ready to move,2.2,,,South/West/Central Delhi
4 BHK Independent Floor,,2300,Ready to move,2.4,,,South/West/Central Delhi
2 BHK Independent Floor,,700,Ready to move,71,,,South-West Delhi
4 BHK Independent Floor,,1800,Ready to move,2.05,,,South/West/Central Delhi
2 BHK Independent Floor,,650,Ready to move,54,,,South-West Delhi
4 BHK Independent Floor,,3600,Ready to move,4.4,,,South/West/Central Delhi
4 BHK Independent Floor,,2300,Ready to move,2.2,,,South/West/Central Delhi
4 BHK Independent Floor,,1800,Ready to move,1.78,,,South/West/Central Delhi
2 BHK Independent Floor,,680,Ready to move,52,,,South-West Delhi
4 BHK Independent Floor,,3600,Ready to move,4.6,,,South/West/Central Delhi
3 BHK Independent Floor,,800,Ready to move,72,,,South-West Delhi
3 BHK Independent Floor,,1100,Ready to move,83,,,South-West Delhi
2 BHK Independent Floor,,550,Ready to move,42,,,South-West Delhi
3 BHK Independent Floor,,800,Ready to move,53,,,South-West Delhi
4 BHK Independent Floor,,1800,Ready to move,2.25,,,South/West/Central Delhi
3 BHK Independent Floor,,800,Ready to move,70,,,South-West Delhi
3 BHK Independent Floor,,1100,Ready to move,83,,,South-West Delhi
3 BHK Independent Floor,,800,Ready to move,70,,,South-West Delhi
2 BHK Independent Floor,,550,Ready to move,42,,,South-West Delhi
3 BHK Independent Floor,,800,Ready to move,53,,,South-West Delhi
4 BHK Independent Floor,,1800,Ready to move,2.25,,,South/West/Central Delhi
2 BHK Independent Floor,,650,Ready to move,54,,,South-West Delhi
4 BHK Independent Floor,,3600,Ready to move,4.4,,,South/West/Central Delhi
2 BHK Independent Floor,,680,Ready to move,52,,,South-West Delhi
1 BHK Independent Floor,,400,Ready to move,27,,,South-West Delhi
2 BHK Independent Floor,,550,Ready to move,41,,,South-West Delhi
3 BHK Independent Floor,,1125,Ready to move,1.18,,,South/West/Central Delhi
3 BHK Independent Floor,,800,Ready to move,67,,,South-West Delhi
4 BHK Independent Floor,,1600,Ready to move,2,,,South/West/Central Delhi
3 BHK Independent Floor,,1400,Ready to move,1.05,,,South/West/Central Delhi
1 BHK Independent Floor,,400,Ready to move,26,,,South-West Delhi
1 BHK Independent Floor,,400,Ready to move,23,,,South-West Delhi
2 BHK Independent Floor,,700,Ready to move,45,,,South-West Delhi
3 BHK Apartment,,855,Ready to move,60,,,South-West Delhi
2 BHK Apartment,,495,Ready to move,23.75,,,South-West Delhi
3 BHK Independent Floor,,900,Ready to move,52.3,,,South-West Delhi
4 BHK Apartment,"Sector 12 Dwarka, Delhi",2400,Ready to move,2.1,,,South/West/Central Delhi
3 BHK Apartment,"Sector 5 Dwarka, Delhi",1700,Ready to move,1.88,,,South/West/Central Delhi
3 BHK Apartment,"Sector 10 Dwarka, Delhi",1750,Ready to move,1.82,,,South/West/Central Delhi
3 BHK Apartment,"Sector 22 Dwarka, Delhi",1800,Ready to move,1.7,,,South/West/Central Delhi
3 BHK Apartment,"Sector 7 Dwarka, Delhi",1700,Ready to move,1.75,,,South/West/Central Delhi
3 BHK Apartment,"Sector 6 Dwarka, Delhi",1750,Ready to move,2,,,South/West/Central Delhi
1 RK Studio Apartment,"laxmi nagar, Delhi",330,Ready to move,18,,,South/West/Central Delhi
1 BHK Independent Floor,"Dwarka Sector 15, Delhi",495,Ready to move,18.5,,,South-West Delhi
3 BHK Independent Floor,"Dwarka Sector 15, Delhi",810,Ready to move,47.5,,,South-West Delhi
3 BHK Independent Floor,"Dwarka Sector 15, Delhi",1150,Ready to move,65,,,South-West Delhi
3 BHK Independent Floor,"Uttam Nagar, Delhi",850,Ready to move,49.5,,,South-West Delhi
2 BHK Independent Floor,"Sector 28 Rohini, Delhi",750,Ready to move,40,,,South-West Delhi
3 BHK Independent Floor,"Dwarka Mor, Delhi",810,Ready to move,48,,,South-West Delhi
3 BHK Independent Floor,"Uttam Nagar, Delhi",800,Ready to move,48.5,,,South-West Delhi
3 BHK Independent Floor,"Uttam Nagar, Delhi",850,Ready to move,40.25,,,South-West Delhi
2 BHK Independent Floor,"Uttam Nagar, Delhi",550,Ready to move,28.5,,,South-West Delhi
2 BHK Independent Floor,"Uttam Nagar, Delhi",550,Ready to move,21,,,South-West Delhi
2 BHK Independent Floor,"Uttam Nagar, Delhi",650,Ready to move,24.25,,,South-West Delhi
3 BHK Independent Floor,"Rohini sector 24, Delhi",850,Ready to move,1,,,South/West/Central Delhi
3 BHK Independent Floor,"Uttam Nagar, Delhi",900,Ready to move,55.2,,,South-West Delhi
3 BHK Apartment,,1700,Ready to move,1.65,,,South/West/Central Delhi
3 BHK Apartment,,1700,Ready to move,1.47,,,South/West/Central Delhi
3 BHK Apartment,,1700,Ready to move,1.45,,,South/West/Central Delhi
3 BHK Apartment,,1750,Ready to move,1.48,,,South/West/Central Delhi
3 BHK Apartment,,1700,Ready to move,1.69,,,South/West/Central Delhi
3 BHK Apartment,,1700,Ready to move,1.8,,,South/West/Central Delhi
3 BHK Independent Floor,,850,Ready to move,1,,,South/West/Central Delhi
2 BHK Independent Floor,,550,Ready to move,21,,,South-West Delhi
2 BHK Independent Floor,,650,Ready to move,24.25,,,South-West Delhi
3 BHK Independent Floor,,750,Ready to move,30,,,South-West Delhi
3 BHK Apartment,,1700,Ready to move,1.53,,,South/West/Central Delhi
4 BHK Apartment,,2600,Ready to move,1.99,,,South/West/Central Delhi
3 BHK Apartment,,1700,Ready to move,1.55,,,South/West/Central Delhi
3 BHK Apartment,,1700,Ready to move,1.52,,,South/West/Central Delhi
3 BHK Apartment,,1700,Ready to move,1.75,,,South/West/Central Delhi
3 BHK Apartment,,1700,Ready to move,1.78,,,South/West/Central Delhi
2 BHK Independent Floor,,600,Ready to move,23.5,,,South-West Delhi
3 BHK Apartment,,1700,Ready to move,1.6,,,South/West/Central Delhi
3 BHK Apartment,,1700,Ready to move,1.5,,,South/West/Central Delhi
4 BHK Apartment,,2000,Ready to move,2.4,,,South/West/Central Delhi
3 BHK Apartment,"Sector 19 Dwarka, Delhi",1700,Ready to move,1.53,,,South/West/Central Delhi
3 BHK Apartment,"Sector 4 Dwarka, Delhi",1600,Ready to move,1.62,,,South/West/Central Delhi
3 BHK Apartment,"Sector 3 Dwarka, Delhi",1600,Ready to move,1.5,,,South/West/Central Delhi
3 BHK Apartment,"Sector 11 Dwarka, Delhi",1600,Ready to move,1.56,,,South/West/Central Delhi
4 BHK Apartment,"Sector 11 Dwarka, Delhi",2000,Ready to move,2.07,,,South/West/Central Delhi
3 BHK Apartment,"Sector 11 Dwarka, Delhi",1700,Ready to move,1.6,,,South/West/Central Delhi
3 BHK Apartment,"Sector 6 Dwarka, Delhi",1700,Ready to move,1.5,,,South/West/Central Delhi
3 BHK Apartment,"Sector 13 Dwarka, Delhi",1600,Ready to move,1.52,,,South/West/Central Delhi
3 BHK Apartment,"Sector-18 Dwarka, Delhi",1700,Ready to move,2.5,,,South/West/Central Delhi
3 BHK Apartment,"Sector 6 Dwarka, Delhi",1700,Ready to move,2.3,,,South/West/Central Delhi
3 BHK Independent Floor,"Uttam Nagar, Delhi",1150,Ready to move,92,,,South-West Delhi
2 BHK Independent Floor,"Sector 8 Dwarka, Delhi",720,Ready to move,52.5,,,South-West Delhi
3 BHK Apartment,"Sector 6 Dwarka, Delhi",1600,Ready to move,1.7,,,South/West/Central Delhi
3 BHK Apartment,"Sector 5 Dwarka, Delhi",1700,Ready to move,1.79,,,South/West/Central Delhi
3 BHK Apartment,"Sector 18A Dwarka, Delhi",1700,Ready to move,1.75,,,South/West/Central Delhi
3 BHK Apartment,"Sector 5 Dwarka, Delhi",1700,Ready to move,1.65,,,South/West/Central Delhi
3 BHK Apartment,"Sector 22 Dwarka, Delhi",1800,Ready to move,1.8,,,South/West/Central Delhi
4 BHK Apartment,"Sector 6 Dwarka, Delhi",2000,Ready to move,1.9,,,South/West/Central Delhi
3 BHK Apartment,"Sector 12 Dwarka, Delhi",1750,Ready to move,1.8,,,South/West/Central Delhi
3 BHK Apartment,"Sector 23 Dwarka, Delhi",1700,Ready to move,1.53,,,South/West/Central Delhi
3 BHK Apartment,"Sector 6 Dwarka, Delhi",1700,Ready to move,1.6,,,South/West/Central Delhi
2 BHK Apartment,"Sector 10 Dwarka, Delhi",1300,Ready to move,1.18,,,South/West/Central Delhi
4 BHK Apartment,"Sector 6 Dwarka, Delhi",2200,Ready to move,1.9,,,South/West/Central Delhi
3 BHK Apartment,"Sector 6 Dwarka, Delhi",1700,Ready to move,1.58,,,South/West/Central Delhi
2 BHK Apartment,"Sector 23 Dwarka, Delhi",1100,Ready to move,1.1,,,South/West/Central Delhi
3 BHK Apartment,"Sector 3 Dwarka, Delhi",1700,Ready to move,1.6,,,South/West/Central Delhi
3 BHK Apartment,"Sector 4 Dwarka, Delhi",1600,Ready to move,1.58,,,South/West/Central Delhi
4 BHK Apartment,"Sector-18 Dwarka, Delhi",2400,Ready to move,2.25,,,South/West/Central Delhi
4 BHK Apartment,"Sector 12 Dwarka, Delhi",2400,Ready to move,2.7,,,South/West/Central Delhi
4 BHK Apartment,"Sector 22 Dwarka, Delhi",2400,Ready to move,2.1,,,South/West/Central Delhi
4 BHK Apartment,"Sector 12 Dwarka, Delhi",2500,Ready to move,2.2,,,South/West/Central Delhi
4 BHK Apartment,"Sector 4 Dwarka, Delhi",2400,Ready to move,2.1,,,South/West/Central Delhi
3 BHK Apartment,"Sector 10 Dwarka, Delhi",2200,Ready to move,1.55,,,South/West/Central Delhi
3 BHK Apartment,"Sector 10 Dwarka, Delhi",1800,Ready to move,1.65,,,South/West/Central Delhi
3 BHK Apartment,"Sector 7 Dwarka, Delhi",1700,Ready to move,1.4,,,South/West/Central Delhi
3 BHK Apartment,"Sector 4 Dwarka, Delhi",1700,Ready to move,1.5,,,South/West/Central Delhi
2 BHK Apartment,"Dwarka Mor, Delhi",540,Ready to move,25.5,,,South-West Delhi
2 BHK Apartment,"Dwarka Mor, Delhi",500,Ready to move,25.5,,,South-West Delhi
3 BHK Independent Floor,"Dwarka Mor, Delhi",810,Ready to move,42,,,South-West Delhi
2 BHK Apartment,"Dwarka Mor, Delhi",495,Ready to move,24.5,,,South-West Delhi
2 BHK Independent Floor,,540,Ready to move,26,,,South-West Delhi
2 BHK Independent Floor,,540,Ready to move,26,,,South-West Delhi
3 BHK Independent Floor,,810,Ready to move,45,,,South-West Delhi
3 BHK Independent Floor,,800,Ready to move,70,,,South-West Delhi
3 BHK Independent Floor,,950,Ready to move,65.25,,,South-West Delhi
3 BHK Independent Floor,,1100,Ready to move,1.15,,,South/West/Central Delhi
4 BHK Independent Floor,,1800,Ready to move,1.8,,,South/West/Central Delhi
3 BHK Independent Floor,,1000,Ready to move,70,,,South-West Delhi
4 BHK Independent Floor,,1500,Ready to move,1.1,,,South/West/Central Delhi
4 BHK Apartment,,2400,Ready to move,3.15,,,South/West/Central Delhi
3 BHK Apartment,,1700,Ready to move,1.6,,,South/West/Central Delhi
3 BHK Apartment,,1700,Ready to move,1.78,,,South/West/Central Delhi
3 BHK Apartment,,1600,Ready to move,1.45,,,South/West/Central Delhi
3 BHK Apartment,,1800,Ready to move,2.35,,,South/West/Central Delhi
3 BHK Apartment,,1750,Ready to move,2,,,South/West/Central Delhi
3 BHK Apartment,,1700,Ready to move,1.7,,,South/West/Central Delhi
4 BHK Apartment,,2400,Ready to move,2.15,,,South/West/Central Delhi
3 BHK Apartment,,1700,Ready to move,1.63,,,South/West/Central Delhi
3 BHK Apartment,,1700,Ready to move,1.45,,,South/West/Central Delhi
3 BHK Apartment,,1700,Ready to move,1.98,,,South/West/Central Delhi
